馬匹編號,場地,勝率
HK_2019_D241,ST,0.07692307692307693
HK_2020_E058,ST,0.12
HK_2020_E061,ST,0.1
HK_2020_E175,ST,0.041666666666666664
HK_2020_E301,ST,0.1
HK_2020_E356,ST,0.08695652173913043
HK_2020_E436,ST,0.42857142857142855
HK_2020_E471,ST,0.07407407407407407
HK_2020_E488,ST,0.05555555555555555
HK_2021_G095,ST,0.0
HK_2021_G125,ST,0.08
HK_2021_G180,ST,0.1
HK_2021_G192,ST,0.0
HK_2021_G209,ST,0.043478260869565216
HK_2021_G265,ST,0.09090909090909091
HK_2021_G268,ST,0.2
HK_2021_G277,ST,0.0967741935483871
HK_2021_G292,ST,0.0
HK_2021_G306,ST,0.06896551724137931
HK_2021_G307,ST,0.09090909090909091
HK_2021_G312,ST,0.04
HK_2021_G368,ST,0.037037037037037035
HK_2021_G404,ST,0.09090909090909091
HK_2021_G462,ST,0.3076923076923077
HK_2021_G463,ST,0.16666666666666666
HK_2021_G465,ST,0.08333333333333333
HK_2021_G476,ST,0.03125
HK_2021_H011,ST,0.11764705882352941
HK_2022_H037,ST,0.10714285714285714
HK_2022_H041,ST,0.043478260869565216
HK_2022_H044,ST,0.05555555555555555
HK_2022_H057,ST,0.12
HK_2022_H070,ST,0.037037037037037035
HK_2022_H087,ST,0.034482758620689655
HK_2022_H092,ST,0.11538461538461539
HK_2022_H095,ST,0.1111111111111111
HK_2022_H108,ST,0.16
HK_2022_H110,ST,0.08333333333333333
HK_2022_H113,ST,0.04
HK_2022_H116,ST,0.047619047619047616
HK_2022_H117,ST,0.058823529411764705
HK_2022_H120,ST,0.05555555555555555
HK_2022_H123,ST,0.09523809523809523
HK_2022_H134,ST,0.03333333333333333
HK_2022_H155,ST,0.15384615384615385
HK_2022_H161,ST,0.0967741935483871
HK_2022_H165,ST,0.05263157894736842
HK_2022_H168,ST,0.09090909090909091
HK_2022_H173,ST,0.16
HK_2022_H175,ST,0.043478260869565216
HK_2022_H177,ST,0.15
HK_2022_H180,ST,0.05263157894736842
HK_2022_H196,ST,0.08695652173913043
HK_2022_H197,ST,0.10344827586206896
HK_2022_H203,ST,0.0967741935483871
HK_2022_H207,ST,0.125
HK_2022_H208,ST,0.043478260869565216
HK_2022_H212,ST,0.045454545454545456
HK_2022_H215,ST,0.12
HK_2022_H216,ST,0.16
HK_2022_H219,ST,0.11538461538461539
HK_2022_H235,ST,0.17391304347826086
HK_2022_H241,ST,0.14285714285714285
HK_2022_H252,ST,0.0
HK_2022_H276,ST,0.047619047619047616
HK_2022_H283,ST,0.10714285714285714
HK_2022_H289,ST,0.04
HK_2022_H293,ST,0.045454545454545456
HK_2022_H294,ST,0.15384615384615385
HK_2022_H298,ST,0.047619047619047616
HK_2022_H302,ST,0.0625
HK_2022_H303,ST,0.12
HK_2022_H311,ST,0.15384615384615385
HK_2022_H317,ST,0.125
HK_2022_H321,ST,0.08695652173913043
HK_2022_H325,ST,0.047619047619047616
HK_2022_H334,ST,0.11538461538461539
HK_2022_H337,ST,0.16666666666666666
HK_2022_H338,ST,0.05263157894736842
HK_2022_H339,ST,0.13636363636363635
HK_2022_H349,ST,0.07692307692307693
HK_2022_H354,ST,0.07692307692307693
HK_2022_H356,ST,0.1
HK_2022_H368,ST,0.1
HK_2022_H376,ST,0.17391304347826086
HK_2022_H380,ST,0.23076923076923078
HK_2022_H381,ST,0.13043478260869565
HK_2022_H382,ST,0.14285714285714285
HK_2022_H388,ST,0.045454545454545456
HK_2022_H392,ST,0.0
HK_2022_H394,ST,0.21428571428571427
HK_2022_H395,ST,0.1875
HK_2022_H396,ST,0.15384615384615385
HK_2022_H399,ST,0.125
HK_2022_H405,ST,0.15625
HK_2022_H407,ST,0.11538461538461539
HK_2022_H408,ST,0.08333333333333333
HK_2022_H412,ST,0.1875
HK_2022_H418,ST,0.21739130434782608
HK_2022_H419,ST,0.043478260869565216
HK_2022_H432,ST,0.058823529411764705
HK_2022_H435,ST,0.17391304347826086
HK_2022_H436,ST,0.13043478260869565
HK_2022_H439,ST,0.041666666666666664
HK_2022_H447,ST,0.13043478260869565
HK_2022_H450,ST,0.16666666666666666
HK_2022_H451,ST,0.09523809523809523
HK_2022_H452,ST,0.058823529411764705
HK_2022_H453,ST,0.375
HK_2022_H454,ST,0.1
HK_2022_H455,ST,0.0
HK_2022_H459,ST,0.1111111111111111
HK_2022_H461,ST,0.10714285714285714
HK_2022_H464,ST,0.08695652173913043
HK_2022_H465,ST,0.11538461538461539
HK_2022_H475,ST,0.1
HK_2022_H481,ST,0.10714285714285714
HK_2022_H485,ST,0.15
HK_2022_H486,ST,0.13333333333333333
HK_2023_J002,ST,0.0
HK_2023_J007,ST,0.0
HK_2023_J008,ST,0.1111111111111111
HK_2023_J015,ST,0.037037037037037035
HK_2023_J020,ST,0.0
HK_2023_J027,ST,0.13333333333333333
HK_2023_J037,ST,0.0
HK_2023_J039,ST,0.03571428571428571
HK_2023_J042,ST,0.047619047619047616
HK_2023_J043,ST,0.125
HK_2023_J050,ST,0.10526315789473684
HK_2023_J060,ST,0.4
HK_2023_J062,ST,1.0
HK_2023_J065,ST,0.09523809523809523
HK_2023_J066,ST,0.2
HK_2023_J071,ST,0.1111111111111111
HK_2023_J075,ST,0.0
HK_2023_J079,ST,0.125
HK_2023_J087,ST,0.10344827586206896
HK_2023_J092,ST,0.13333333333333333
HK_2023_J093,ST,0.05263157894736842
HK_2023_J098,ST,0.12
HK_2023_J099,ST,0.043478260869565216
HK_2023_J114,ST,0.2857142857142857
HK_2023_J115,ST,0.05
HK_2023_J116,ST,0.07692307692307693
HK_2023_J118,ST,0.045454545454545456
HK_2023_J123,ST,0.09090909090909091
HK_2023_J127,ST,0.15151515151515152
HK_2023_J131,ST,0.13793103448275862
HK_2023_J133,ST,0.12903225806451613
HK_2023_J135,ST,0.08695652173913043
HK_2023_J136,ST,0.15
HK_2023_J137,ST,0.043478260869565216
HK_2023_J141,ST,0.15
HK_2023_J143,ST,0.10714285714285714
HK_2023_J146,ST,0.10714285714285714
HK_2023_J150,ST,0.1388888888888889
HK_2023_J157,ST,0.16
HK_2023_J158,ST,0.07692307692307693
HK_2023_J161,ST,0.17857142857142858
HK_2023_J162,ST,0.06451612903225806
HK_2023_J164,ST,0.09090909090909091
HK_2023_J169,ST,0.09090909090909091
HK_2023_J170,ST,0.0
HK_2023_J174,ST,0.043478260869565216
HK_2023_J176,ST,0.0
HK_2023_J180,ST,0.21739130434782608
HK_2023_J182,ST,0.125
HK_2023_J183,ST,0.06666666666666667
HK_2023_J186,ST,0.18518518518518517
HK_2023_J187,ST,0.1
HK_2023_J195,ST,0.06451612903225806
HK_2023_J197,ST,0.14285714285714285
HK_2023_J200,ST,0.16666666666666666
HK_2023_J208,ST,0.0
HK_2023_J213,ST,0.037037037037037035
HK_2023_J215,ST,0.045454545454545456
HK_2023_J217,ST,0.10526315789473684
HK_2023_J218,ST,0.10714285714285714
HK_2023_J222,ST,0.04
HK_2023_J223,ST,0.05263157894736842
HK_2023_J224,ST,0.125
HK_2023_J225,ST,0.16666666666666666
HK_2023_J227,ST,0.16666666666666666
HK_2023_J231,ST,0.08695652173913043
HK_2023_J236,ST,0.08695652173913043
HK_2023_J237,ST,0.11428571428571428
HK_2023_J239,ST,0.21052631578947367
HK_2023_J243,ST,0.0
HK_2023_J245,ST,0.09523809523809523
HK_2023_J253,ST,0.07692307692307693
HK_2023_J255,ST,0.05263157894736842
HK_2023_J256,ST,0.4117647058823529
HK_2023_J260,ST,0.19047619047619047
HK_2023_J263,ST,0.09523809523809523
HK_2023_J265,ST,0.14285714285714285
HK_2023_J267,ST,0.038461538461538464
HK_2023_J272,ST,0.1111111111111111
HK_2023_J273,ST,0.05555555555555555
HK_2023_J275,ST,0.11764705882352941
HK_2023_J276,ST,0.13636363636363635
HK_2023_J277,ST,0.26666666666666666
HK_2023_J278,ST,0.14285714285714285
HK_2023_J279,ST,0.17391304347826086
HK_2023_J280,ST,0.06896551724137931
HK_2023_J285,ST,0.2222222222222222
HK_2023_J288,ST,0.045454545454545456
HK_2023_J290,ST,0.1111111111111111
HK_2023_J291,ST,0.0
HK_2023_J294,ST,0.0
HK_2023_J295,ST,0.08695652173913043
HK_2023_J298,ST,0.13043478260869565
HK_2023_J299,ST,0.043478260869565216
HK_2023_J300,ST,0.13043478260869565
HK_2023_J301,ST,0.1111111111111111
HK_2023_J303,ST,0.10714285714285714
HK_2023_J305,ST,0.08333333333333333
HK_2023_J308,ST,0.0
HK_2023_J309,ST,0.08
HK_2023_J312,ST,0.0
HK_2023_J315,ST,0.08333333333333333
HK_2023_J316,ST,0.15
HK_2023_J317,ST,0.2
HK_2023_J319,ST,0.0
HK_2023_J323,ST,0.09090909090909091
HK_2023_J331,ST,0.029411764705882353
HK_2023_J332,ST,0.03125
HK_2023_J333,ST,0.1
HK_2023_J339,ST,0.15789473684210525
HK_2023_J343,ST,0.3684210526315789
HK_2023_J344,ST,0.06666666666666667
HK_2023_J345,ST,0.05
HK_2023_J346,ST,0.19047619047619047
HK_2023_J357,ST,0.35714285714285715
HK_2023_J358,ST,0.3
HK_2023_J359,ST,0.037037037037037035
HK_2023_J360,ST,0.14285714285714285
HK_2023_J362,ST,0.08
HK_2023_J363,ST,0.125
HK_2023_J365,ST,0.1111111111111111
HK_2023_J366,ST,0.08695652173913043
HK_2023_J370,ST,0.10526315789473684
HK_2023_J375,ST,0.09090909090909091
HK_2023_J383,ST,0.23809523809523808
HK_2023_J384,ST,0.08
HK_2023_J390,ST,0.2222222222222222
HK_2023_J391,ST,0.2777777777777778
HK_2023_J393,ST,0.07142857142857142
HK_2023_J394,ST,0.0
HK_2023_J395,ST,0.0
HK_2023_J396,ST,0.125
HK_2023_J397,ST,0.11764705882352941
HK_2023_J398,ST,0.043478260869565216
HK_2023_J401,ST,0.08333333333333333
HK_2023_J402,ST,0.14814814814814814
HK_2023_J403,ST,0.04
HK_2023_J413,ST,0.15384615384615385
HK_2023_J417,ST,0.2857142857142857
HK_2023_J418,ST,0.09523809523809523
HK_2023_J421,ST,0.15
HK_2023_J423,ST,0.12903225806451613
HK_2023_J426,ST,0.2727272727272727
HK_2023_J427,ST,0.14285714285714285
HK_2023_J428,ST,0.2857142857142857
HK_2023_J431,ST,0.17647058823529413
HK_2023_J437,ST,0.11764705882352941
HK_2023_J442,ST,0.09523809523809523
HK_2023_J444,ST,0.09090909090909091
HK_2023_J445,ST,0.09523809523809523
HK_2023_J446,ST,0.13793103448275862
HK_2023_J447,ST,0.045454545454545456
HK_2023_J448,ST,0.0
HK_2023_J451,ST,0.09523809523809523
HK_2023_J452,ST,0.09090909090909091
HK_2023_J454,ST,0.23529411764705882
HK_2023_J458,ST,0.0
HK_2023_J463,ST,0.047619047619047616
HK_2023_J465,ST,0.15789473684210525
HK_2023_J467,ST,0.08333333333333333
HK_2023_J468,ST,0.125
HK_2023_J479,ST,0.0
HK_2023_J480,ST,0.0
HK_2023_J481,ST,0.2
HK_2023_J482,ST,0.0
HK_2023_J486,ST,0.1
HK_2023_J487,ST,0.13636363636363635
HK_2023_J488,ST,0.14814814814814814
HK_2023_J494,ST,0.058823529411764705
HK_2023_J498,ST,0.15789473684210525
HK_2023_J499,ST,0.18181818181818182
HK_2023_J500,ST,0.11764705882352941
HK_2023_J501,ST,0.05263157894736842
HK_2023_J502,ST,0.05
HK_2023_J503,ST,0.2
HK_2023_J504,ST,0.05263157894736842
HK_2023_J508,ST,0.05
HK_2023_J509,ST,0.08695652173913043
HK_2023_J510,ST,0.14285714285714285
HK_2023_J511,ST,0.07692307692307693
HK_2023_J513,ST,0.08
HK_2023_J514,ST,0.17391304347826086
HK_2023_J515,ST,0.05555555555555555
HK_2023_J516,ST,0.0625
HK_2023_J517,ST,0.6363636363636364
HK_2023_J519,ST,0.23076923076923078
HK_2023_J520,ST,0.18181818181818182
HK_2023_J524,ST,0.1111111111111111
HK_2023_J529,ST,0.07692307692307693
HK_2023_J530,ST,0.11538461538461539
HK_2023_J532,ST,0.08695652173913043
HK_2023_J533,ST,0.08333333333333333
HK_2023_J534,ST,0.15
HK_2023_J535,ST,0.08
HK_2023_J536,ST,0.08
HK_2023_J537,ST,0.15384615384615385
HK_2023_J539,ST,0.07692307692307693
HK_2023_J540,ST,0.125
HK_2023_J542,ST,0.13043478260869565
HK_2023_J545,ST,0.0
HK_2024_K002,ST,0.10714285714285714
HK_2024_K003,ST,0.05555555555555555
HK_2024_K004,ST,0.1724137931034483
HK_2024_K005,ST,0.16
HK_2024_K006,ST,0.0625
HK_2024_K007,ST,0.08
HK_2024_K008,ST,0.2727272727272727
HK_2024_K009,ST,0.0
HK_2024_K010,ST,0.045454545454545456
HK_2024_K011,ST,0.125
HK_2024_K012,ST,0.05555555555555555
HK_2024_K014,ST,0.14285714285714285
HK_2024_K016,ST,0.06666666666666667
HK_2024_K017,ST,0.034482758620689655
HK_2024_K021,ST,0.07142857142857142
HK_2024_K024,ST,0.0
HK_2024_K028,ST,0.0
HK_2024_K029,ST,0.0
HK_2024_K031,ST,0.11764705882352941
HK_2024_K032,ST,0.625
HK_2024_K033,ST,0.16
HK_2024_K035,ST,0.0
HK_2024_K037,ST,0.15789473684210525
HK_2024_K038,ST,0.05555555555555555
HK_2024_K039,ST,0.15384615384615385
HK_2024_K040,ST,0.07692307692307693
HK_2024_K041,ST,0.09090909090909091
HK_2024_K043,ST,0.16666666666666666
HK_2024_K047,ST,0.0
HK_2024_K049,ST,0.0625
HK_2024_K052,ST,0.11538461538461539
HK_2024_K054,ST,0.16666666666666666
HK_2024_K056,ST,0.09090909090909091
HK_2024_K057,ST,0.2
HK_2024_K058,ST,0.0
HK_2024_K059,ST,0.045454545454545456
HK_2024_K061,ST,0.13333333333333333
HK_2024_K064,ST,0.125
HK_2024_K073,ST,0.047619047619047616
HK_2024_K074,ST,0.14285714285714285
HK_2024_K076,ST,0.19047619047619047
HK_2024_K080,ST,0.13043478260869565
HK_2024_K081,ST,0.13636363636363635
HK_2024_K082,ST,0.03571428571428571
HK_2024_K084,ST,0.125
HK_2024_K089,ST,0.0
HK_2024_K093,ST,0.09090909090909091
HK_2024_K096,ST,0.06666666666666667
HK_2024_K097,ST,0.125
HK_2024_K098,ST,0.13636363636363635
HK_2024_K099,ST,0.058823529411764705
HK_2024_K101,ST,0.058823529411764705
HK_2024_K103,ST,0.06666666666666667
HK_2024_K104,ST,0.07142857142857142
HK_2024_K105,ST,0.14285714285714285
HK_2024_K106,ST,0.047619047619047616
HK_2024_K107,ST,0.2
HK_2024_K109,ST,0.0
HK_2024_K111,ST,0.10526315789473684
HK_2024_K112,ST,0.0
HK_2024_K114,ST,0.21739130434782608
HK_2024_K118,ST,0.09523809523809523
HK_2024_K120,ST,0.0
HK_2024_K121,ST,0.1875
HK_2024_K122,ST,0.4166666666666667
HK_2024_K125,ST,0.17391304347826086
HK_2024_K126,ST,0.06666666666666667
HK_2024_K129,ST,0.21052631578947367
HK_2024_K130,ST,0.3157894736842105
HK_2024_K131,ST,0.10526315789473684
HK_2024_K132,ST,0.047619047619047616
HK_2024_K134,ST,0.0
HK_2024_K138,ST,0.0625
HK_2024_K143,ST,0.07692307692307693
HK_2024_K144,ST,0.0
HK_2024_K145,ST,0.06666666666666667
HK_2024_K146,ST,0.2
HK_2024_K148,ST,0.0
HK_2024_K150,ST,0.0
HK_2024_K152,ST,0.09090909090909091
HK_2024_K154,ST,0.11538461538461539
HK_2024_K155,ST,0.038461538461538464
HK_2024_K156,ST,0.08695652173913043
HK_2024_K157,ST,0.25
HK_2024_K159,ST,0.0
HK_2024_K160,ST,0.0
HK_2024_K161,ST,0.058823529411764705
HK_2024_K162,ST,0.0625
HK_2024_K165,ST,0.23529411764705882
HK_2024_K166,ST,0.0
HK_2024_K167,ST,0.0
HK_2024_K168,ST,0.23529411764705882
HK_2024_K172,ST,0.07142857142857142
HK_2024_K173,ST,0.35294117647058826
HK_2024_K174,ST,0.05555555555555555
HK_2024_K175,ST,0.0
HK_2024_K176,ST,0.14814814814814814
HK_2024_K177,ST,0.0
HK_2024_K178,ST,0.125
HK_2024_K180,ST,0.2222222222222222
HK_2024_K181,ST,0.0
HK_2024_K183,ST,0.16666666666666666
HK_2024_K184,ST,0.0625
HK_2024_K186,ST,0.13333333333333333
HK_2024_K189,ST,0.08333333333333333
HK_2024_K192,ST,0.16666666666666666
HK_2024_K198,ST,0.0
HK_2024_K199,ST,0.0
HK_2024_K201,ST,0.125
HK_2024_K202,ST,0.0
HK_2024_K203,ST,0.07142857142857142
HK_2024_K204,ST,0.14285714285714285
HK_2024_K205,ST,0.0
HK_2024_K206,ST,0.0
HK_2024_K209,ST,0.06666666666666667
HK_2024_K211,ST,0.0
HK_2024_K215,ST,0.0
HK_2024_K216,ST,0.0
HK_2024_K217,ST,0.0
HK_2024_K218,ST,0.5
HK_2024_K223,ST,0.07692307692307693
HK_2024_K226,ST,0.1875
HK_2024_K227,ST,0.25
HK_2024_K228,ST,0.0
HK_2024_K229,ST,0.047619047619047616
HK_2024_K230,ST,0.0
HK_2024_K231,ST,0.047619047619047616
HK_2024_K234,ST,0.13636363636363635
HK_2024_K235,ST,0.25
HK_2024_K236,ST,0.3333333333333333
HK_2024_K237,ST,0.2222222222222222
HK_2024_K238,ST,0.36363636363636365
HK_2024_K239,ST,0.058823529411764705
HK_2024_K240,ST,0.0
HK_2024_K245,ST,0.16666666666666666
HK_2024_K246,ST,0.5
HK_2024_K249,ST,0.3333333333333333
HK_2024_K250,ST,0.0
HK_2024_K252,ST,0.043478260869565216
HK_2024_K253,ST,0.0
HK_2024_K254,ST,0.06666666666666667
HK_2024_K255,ST,0.05555555555555555
HK_2024_K256,ST,0.0
HK_2024_K258,ST,0.2
HK_2024_K259,ST,0.0
HK_2024_K260,ST,0.047619047619047616
HK_2024_K261,ST,0.0
HK_2024_K263,ST,0.0
HK_2024_K264,ST,0.07407407407407407
HK_2024_K265,ST,0.0
HK_2024_K266,ST,0.07142857142857142
HK_2024_K271,ST,0.1
HK_2024_K275,ST,0.058823529411764705
HK_2024_K276,ST,0.0
HK_2024_K277,ST,0.058823529411764705
HK_2024_K278,ST,0.0
HK_2024_K279,ST,0.0
HK_2024_K280,ST,0.0
HK_2024_K282,ST,0.0
HK_2024_K283,ST,0.11764705882352941
HK_2024_K284,ST,0.08333333333333333
HK_2024_K285,ST,0.0
HK_2024_K286,ST,0.0
HK_2024_K287,ST,0.0
HK_2024_K290,ST,0.06666666666666667
HK_2024_K293,ST,0.13333333333333333
HK_2024_K294,ST,0.11764705882352941
HK_2024_K295,ST,0.0
HK_2024_K296,ST,0.5
HK_2024_K297,ST,0.1
HK_2024_K298,ST,0.23076923076923078
HK_2024_K300,ST,0.18181818181818182
HK_2024_K301,ST,0.0
HK_2024_K302,ST,0.25
HK_2024_K305,ST,0.047619047619047616
HK_2024_K306,ST,0.09523809523809523
HK_2024_K307,ST,0.14285714285714285
HK_2024_K308,ST,0.0
HK_2024_K310,ST,0.07692307692307693
HK_2024_K311,ST,0.0
HK_2024_K312,ST,0.1111111111111111
HK_2024_K313,ST,0.09523809523809523
HK_2024_K314,ST,0.08333333333333333
HK_2024_K315,ST,0.0
HK_2024_K318,ST,0.08333333333333333
HK_2024_K319,ST,0.06666666666666667
HK_2024_K320,ST,0.06666666666666667
HK_2024_K321,ST,0.07142857142857142
HK_2024_K322,ST,0.09090909090909091
HK_2024_K323,ST,0.0
HK_2024_K325,ST,0.15384615384615385
HK_2024_K326,ST,0.0
HK_2024_K327,ST,0.08333333333333333
HK_2024_K329,ST,0.0
HK_2024_K330,ST,0.0
HK_2024_K332,ST,0.0
HK_2024_K333,ST,0.14285714285714285
HK_2024_K334,ST,0.1
HK_2024_K336,ST,0.0
HK_2024_K339,ST,0.15384615384615385
HK_2024_K340,ST,0.21052631578947367
HK_2024_K341,ST,0.16666666666666666
HK_2024_K342,ST,0.13333333333333333
HK_2024_K343,ST,0.0
HK_2024_K344,ST,0.0
HK_2024_K347,ST,0.2222222222222222
HK_2024_K350,ST,0.4444444444444444
HK_2024_K351,ST,0.0
HK_2024_K352,ST,0.06666666666666667
HK_2024_K353,ST,0.0
HK_2024_K354,ST,0.0
HK_2024_K355,ST,0.07692307692307693
HK_2024_K356,ST,0.25
HK_2024_K357,ST,0.0
HK_2024_K358,ST,0.0
HK_2024_K362,ST,0.0
HK_2024_K363,ST,0.07692307692307693
HK_2024_K364,ST,0.047619047619047616
HK_2024_K365,ST,0.0625
HK_2024_K367,ST,0.058823529411764705
HK_2024_K368,ST,0.16666666666666666
HK_2024_K369,ST,0.0625
HK_2024_K370,ST,0.125
HK_2024_K374,ST,0.07142857142857142
HK_2024_K376,ST,0.0
HK_2024_K377,ST,0.05555555555555555
HK_2024_K379,ST,0.1111111111111111
HK_2024_K381,ST,0.14285714285714285
HK_2024_K382,ST,0.09090909090909091
HK_2024_K383,ST,0.0
HK_2024_K385,ST,0.1875
HK_2024_K386,ST,0.0
HK_2024_K387,ST,0.0
HK_2024_K389,ST,0.0
HK_2024_K390,ST,0.0
HK_2024_K391,ST,0.06666666666666667
HK_2024_K392,ST,0.1
HK_2024_K394,ST,0.0
HK_2024_K395,ST,0.13333333333333333
HK_2024_K396,ST,0.0
HK_2024_K397,ST,0.0
HK_2024_K398,ST,0.15384615384615385
HK_2024_K399,ST,0.0
HK_2024_K400,ST,0.17647058823529413
HK_2024_K402,ST,0.0
HK_2024_K403,ST,0.2
HK_2024_K405,ST,0.13333333333333333
HK_2024_K406,ST,0.2
HK_2024_K407,ST,0.0
HK_2024_K408,ST,0.10526315789473684
HK_2024_K409,ST,0.0
HK_2024_K410,ST,0.0
HK_2024_K411,ST,0.2
HK_2024_K413,ST,0.0
HK_2024_K415,ST,0.0
HK_2024_K416,ST,0.125
HK_2024_K417,ST,0.0
HK_2024_K423,ST,0.0
HK_2024_K426,ST,0.0
HK_2024_K428,ST,0.0
HK_2024_K429,ST,0.06666666666666667
HK_2024_K431,ST,0.06666666666666667
HK_2024_K434,ST,0.23529411764705882
HK_2024_K435,ST,0.0
HK_2024_K436,ST,0.3333333333333333
HK_2024_K438,ST,0.23076923076923078
HK_2024_K441,ST,0.0
HK_2024_K443,ST,0.0
HK_2024_K444,ST,0.07142857142857142
HK_2024_K445,ST,0.0
HK_2024_K447,ST,0.0
HK_2024_K451,ST,0.2727272727272727
HK_2024_K453,ST,0.2857142857142857
HK_2024_K456,ST,0.0
HK_2024_K457,ST,0.0
HK_2024_K458,ST,0.2222222222222222
HK_2024_K460,ST,0.0
HK_2024_K462,ST,0.0
HK_2024_K464,ST,0.0
HK_2024_K467,ST,0.0
HK_2024_K468,ST,0.07692307692307693
HK_2024_K469,ST,0.16666666666666666
HK_2024_K473,ST,0.0
HK_2024_K474,ST,0.16666666666666666
HK_2024_K475,ST,0.0
HK_2024_K476,ST,0.0
HK_2024_K477,ST,0.0
HK_2024_K478,ST,0.2
HK_2024_K479,ST,0.0
HK_2024_K480,ST,0.1111111111111111
HK_2024_K481,ST,0.1111111111111111
HK_2024_K484,ST,0.125
HK_2024_K485,ST,0.2222222222222222
HK_2024_K487,ST,0.1111111111111111
HK_2024_K488,ST,0.0
HK_2024_K489,ST,0.21428571428571427
HK_2024_K490,ST,0.0
HK_2024_K491,ST,0.15384615384615385
HK_2024_K494,ST,0.09090909090909091
HK_2024_K498,ST,0.1111111111111111
HK_2024_K499,ST,0.0
HK_2024_K500,ST,0.0
HK_2024_K502,ST,0.0
HK_2024_K503,ST,0.0
HK_2024_K506,ST,0.0
HK_2024_K507,ST,0.2222222222222222
HK_2024_K511,ST,0.08333333333333333
HK_2024_K512,ST,0.0
HK_2024_K514,ST,0.2
HK_2024_K516,ST,0.0
HK_2024_K517,ST,0.0
HK_2024_K519,ST,0.0
HK_2024_K522,ST,0.0
HK_2024_K523,ST,0.0
HK_2024_K524,ST,0.0
HK_2024_K526,ST,0.0
HK_2024_K527,ST,0.0
HK_2024_K529,ST,0.3333333333333333
HK_2024_K532,ST,0.0
HK_2024_K533,ST,0.36363636363636365
HK_2024_K534,ST,0.1
HK_2024_K536,ST,0.0
HK_2024_K540,ST,0.0
HK_2024_K542,ST,0.2
HK_2024_K544,ST,0.0
HK_2024_K545,ST,0.14285714285714285
HK_2024_K546,ST,0.0
HK_2024_K547,ST,0.1111111111111111
HK_2024_K550,ST,0.125
HK_2024_K552,ST,0.1
HK_2024_K553,ST,0.2222222222222222
HK_2024_K554,ST,0.3
HK_2024_K556,ST,0.0
HK_2024_K559,ST,0.125
HK_2024_K562,ST,0.2857142857142857
HK_2024_K564,ST,0.1111111111111111
HK_2024_K565,ST,0.0
HK_2024_K566,ST,0.2727272727272727
HK_2024_K569,ST,0.0
HK_2024_K570,ST,0.25
HK_2024_K571,ST,0.16666666666666666
HK_2024_K572,ST,0.0
HK_2024_K574,ST,0.25
HK_2024_K575,ST,0.0
HK_2024_K577,ST,0.0
HK_2024_K579,ST,0.0
HK_2024_K580,ST,0.1
HK_2024_K582,ST,0.2
HK_2024_K583,ST,0.8
HK_2024_K585,ST,0.6666666666666666
HK_2024_K586,ST,0.125
HK_2025_L001,ST,0.0
HK_2025_L003,ST,0.36363636363636365
HK_2025_L004,ST,0.375
HK_2025_L005,ST,0.0
HK_2025_L007,ST,0.0
HK_2025_L008,ST,0.0
HK_2025_L009,ST,0.0
HK_2025_L012,ST,0.0
HK_2025_L013,ST,0.2222222222222222
HK_2025_L014,ST,0.375
HK_2025_L016,ST,0.2857142857142857
HK_2025_L019,ST,0.2857142857142857
HK_2025_L020,ST,0.25
HK_2025_L021,ST,0.0
HK_2025_L022,ST,0.1111111111111111
HK_2025_L023,ST,0.4
HK_2025_L024,ST,0.1
HK_2025_L026,ST,0.0
HK_2025_L027,ST,0.0
HK_2025_L028,ST,0.16666666666666666
HK_2025_L029,ST,0.0
HK_2025_L030,ST,0.0
HK_2025_L031,ST,0.1
HK_2025_L032,ST,0.1
HK_2025_L033,ST,0.125
HK_2025_L034,ST,0.0
HK_2025_L035,ST,0.0
HK_2025_L036,ST,0.0
HK_2025_L037,ST,0.2857142857142857
HK_2025_L039,ST,0.125
HK_2025_L040,ST,0.5
HK_2025_L041,ST,0.0
HK_2025_L043,ST,0.0
HK_2025_L044,ST,0.09090909090909091
HK_2025_L045,ST,0.0
HK_2025_L046,ST,0.0
HK_2025_L047,ST,0.0
HK_2025_L048,ST,0.0
HK_2025_L049,ST,0.0
HK_2025_L050,ST,0.0
HK_2025_L051,ST,0.0
HK_2025_L052,ST,0.2
HK_2025_L053,ST,0.0
HK_2025_L054,ST,0.0
HK_2025_L056,ST,0.0
HK_2025_L057,ST,0.1111111111111111
HK_2025_L059,ST,0.0
HK_2025_L060,ST,0.0
HK_2025_L061,ST,0.0
HK_2025_L062,ST,0.0
HK_2025_L063,ST,0.0
HK_2025_L064,ST,0.0
HK_2025_L065,ST,0.09090909090909091
HK_2025_L066,ST,0.0
HK_2025_L067,ST,0.0
HK_2025_L068,ST,0.1111111111111111
HK_2025_L069,ST,0.0
HK_2025_L070,ST,0.0
HK_2025_L072,ST,0.0
HK_2025_L073,ST,0.0
HK_2025_L074,ST,0.07692307692307693
HK_2025_L075,ST,0.09090909090909091
HK_2025_L076,ST,0.0
HK_2025_L077,ST,0.0
HK_2025_L078,ST,0.0
HK_2025_L079,ST,0.0
HK_2025_L080,ST,0.2857142857142857
HK_2025_L081,ST,0.0
HK_2025_L082,ST,0.0
HK_2025_L083,ST,0.1
HK_2025_L085,ST,0.0
HK_2025_L086,ST,0.0
HK_2025_L087,ST,0.0
HK_2025_L090,ST,0.0
HK_2025_L091,ST,0.0
HK_2025_L093,ST,0.0
HK_2025_L094,ST,0.1111111111111111
HK_2025_L096,ST,0.2222222222222222
HK_2025_L097,ST,0.08333333333333333
HK_2025_L098,ST,0.2
HK_2025_L099,ST,0.375
HK_2025_L100,ST,0.0
HK_2025_L101,ST,0.0
HK_2025_L102,ST,0.25
HK_2025_L104,ST,0.0
HK_2025_L105,ST,0.16666666666666666
HK_2025_L106,ST,0.25
HK_2025_L107,ST,0.16666666666666666
HK_2025_L108,ST,0.0
HK_2025_L109,ST,0.0
HK_2025_L110,ST,0.3333333333333333
HK_2025_L111,ST,0.0
HK_2025_L112,ST,0.18181818181818182
HK_2025_L115,ST,0.0
HK_2025_L116,ST,0.0
HK_2025_L117,ST,0.3
HK_2025_L118,ST,0.0
HK_2025_L119,ST,0.0
HK_2025_L120,ST,0.0
HK_2025_L121,ST,0.1
HK_2025_L122,ST,0.0
HK_2025_L124,ST,0.0
HK_2025_L125,ST,0.0
HK_2025_L126,ST,0.3333333333333333
HK_2025_L128,ST,0.0
HK_2025_L129,ST,0.0
HK_2025_L132,ST,0.0
HK_2025_L133,ST,0.0
HK_2025_L134,ST,0.0
HK_2025_L135,ST,0.0
HK_2025_L136,ST,0.0
HK_2025_L137,ST,1.0
HK_2025_L138,ST,0.0
HK_2025_L141,ST,0.0
HK_2025_L142,ST,0.25
HK_2025_L144,ST,0.0
HK_2025_L145,ST,0.0
HK_2025_L146,ST,0.0
HK_2025_L147,ST,0.0
HK_2025_L148,ST,0.2857142857142857
HK_2025_L149,ST,0.1
HK_2025_L150,ST,0.0
HK_2025_L151,ST,0.2222222222222222
HK_2025_L152,ST,0.14285714285714285
HK_2025_L153,ST,0.125
HK_2025_L155,ST,0.14285714285714285
HK_2025_L156,ST,0.0
HK_2025_L157,ST,0.0
HK_2025_L158,ST,0.0
HK_2025_L159,ST,0.25
HK_2025_L161,ST,0.0
HK_2025_L162,ST,0.0
HK_2025_L163,ST,0.0
HK_2025_L165,ST,0.0
HK_2025_L166,ST,0.0
HK_2025_L167,ST,0.0
HK_2025_L168,ST,0.0
HK_2025_L169,ST,0.0
HK_2025_L170,ST,0.0
HK_2025_L171,ST,0.14285714285714285
HK_2025_L172,ST,0.0
HK_2025_L173,ST,0.0
HK_2025_L174,ST,0.0
HK_2025_L175,ST,0.0
HK_2025_L176,ST,0.0
HK_2025_L177,ST,0.0
HK_2025_L178,ST,0.0
HK_2025_L179,ST,0.0
HK_2025_L180,ST,0.0
HK_2025_L181,ST,0.0
HK_2025_L182,ST,0.0
HK_2025_L183,ST,1.0
HK_2025_L184,ST,0.0
HK_2025_L185,ST,0.0
HK_2025_L186,ST,0.0
HK_2025_L187,ST,0.25
HK_2025_L188,ST,0.2
HK_2025_L189,ST,0.07692307692307693
HK_2025_L190,ST,0.0
HK_2025_L192,ST,0.0
HK_2025_L193,ST,0.0
HK_2025_L194,ST,0.0
HK_2025_L195,ST,0.0
HK_2025_L196,ST,0.2
HK_2025_L197,ST,0.0
HK_2025_L198,ST,0.0
HK_2025_L199,ST,0.0
HK_2025_L200,ST,0.0
HK_2025_L201,ST,0.0
HK_2025_L202,ST,0.2
HK_2025_L204,ST,0.2
HK_2025_L205,ST,0.0
HK_2025_L207,ST,0.2
HK_2025_L208,ST,0.0
HK_2025_L209,ST,0.0
HK_2025_L210,ST,0.2857142857142857
HK_2025_L211,ST,0.0
HK_2025_L212,ST,0.0
HK_2025_L213,ST,0.0
HK_2025_L214,ST,0.0
HK_2025_L215,ST,0.0
HK_2025_L216,ST,0.3333333333333333
HK_2025_L218,ST,0.0
HK_2025_L219,ST,0.14285714285714285
HK_2025_L220,ST,0.0
HK_2025_L221,ST,0.0
HK_2025_L222,ST,0.0
HK_2025_L223,ST,0.1111111111111111
HK_2025_L225,ST,0.0
HK_2025_L226,ST,0.6666666666666666
HK_2025_L227,ST,0.0
HK_2025_L228,ST,0.0
HK_2025_L230,ST,0.5714285714285714
HK_2025_L231,ST,0.0
HK_2025_L232,ST,0.75
HK_2025_L233,ST,0.0
HK_2025_L234,ST,0.6
HK_2025_L235,ST,0.0
HK_2025_L236,ST,0.0
HK_2025_L238,ST,0.0
HK_2025_L240,ST,0.125
HK_2025_L241,ST,0.0
HK_2025_L244,ST,0.5
HK_2025_L245,ST,0.3333333333333333
HK_2025_L247,ST,0.0
HK_2025_L248,ST,0.0
HK_2025_L249,ST,0.0
HK_2025_L254,ST,0.0
HK_2025_L256,ST,0.0
HK_2025_L257,ST,0.0
HK_2025_L260,ST,0.0
HK_2025_L261,ST,0.0
HK_2025_L264,ST,0.4
HK_2025_L265,ST,0.2
HK_2025_L266,ST,0.0
HK_2025_L267,ST,0.0
HK_2025_L268,ST,0.0
HK_2025_L269,ST,0.0
HK_2025_L270,ST,0.0
HK_2025_L271,ST,0.0
HK_2025_L273,ST,0.0
HK_2025_L274,ST,0.0
HK_2025_L275,ST,0.0
HK_2025_L276,ST,1.0
HK_2025_L277,ST,0.0
HK_2025_L278,ST,0.0
HK_2025_L279,ST,0.0
HK_2025_L280,ST,0.0
HK_2025_L281,ST,0.3333333333333333
HK_2025_L282,ST,0.0
HK_2025_L283,ST,0.0
HK_2025_L284,ST,0.0
HK_2025_L286,ST,0.0
HK_2025_L287,ST,0.25
HK_2025_L291,ST,0.0
HK_2025_L293,ST,0.2
HK_2025_L294,ST,0.0
HK_2025_L295,ST,0.0
HK_2025_L296,ST,0.0
HK_2025_L297,ST,0.0
HK_2025_L298,ST,0.0
HK_2025_L299,ST,0.0
HK_2025_L300,ST,0.0
HK_2025_L301,ST,0.6666666666666666
HK_2025_L302,ST,0.0
HK_2025_L303,ST,0.0
HK_2025_L305,ST,0.0
HK_2025_L306,ST,0.0
HK_2025_L307,ST,0.0
HK_2025_L308,ST,0.0
HK_2025_L310,ST,0.3333333333333333
HK_2025_L311,ST,0.25
HK_2025_L312,ST,0.0
HK_2025_L313,ST,0.0
HK_2025_L314,ST,0.0
HK_2025_L315,ST,0.0
HK_2025_L316,ST,0.0
HK_2025_L317,ST,0.0
HK_2025_L319,ST,0.0
HK_2025_L320,ST,0.0
HK_2025_L322,ST,0.6666666666666666
HK_2025_L323,ST,0.0
HK_2025_L325,ST,0.0
HK_2025_L326,ST,0.0
HK_2025_L327,ST,0.0
HK_2025_L328,ST,0.0
HK_2025_L329,ST,0.0
HK_2025_L330,ST,0.0
HK_2025_L331,ST,0.0
HK_2025_L335,ST,0.0
HK_2025_L336,ST,0.0
HK_2025_L337,ST,0.0
HK_2025_L339,ST,0.3333333333333333
HK_2025_L340,ST,0.0
HK_2025_L341,ST,0.0
HK_2025_L344,ST,0.0
HK_2025_L345,ST,0.0
HK_2025_L346,ST,0.0
HK_2025_L347,ST,0.0
HK_2025_L348,ST,0.0
HK_2025_L349,ST,0.0
HK_2025_L352,ST,0.0
HK_2025_L353,ST,0.0
HK_2025_L355,ST,0.0
HK_2025_L359,ST,0.0
HK_2025_L360,ST,0.0
HK_2025_L362,ST,0.0
HK_2025_L364,ST,0.0
HK_2025_L366,ST,0.0
HK_2025_L371,ST,0.0
HK_2025_L372,ST,0.0
HK_2025_L373,ST,0.0
HK_2025_L374,ST,0.0
HK_2025_L375,ST,0.0
HK_2025_L377,ST,0.0
HK_2025_L379,ST,0.0
HK_2025_L381,ST,0.0
HK_2025_L382,ST,0.0
HK_2025_L384,ST,0.0
HK_2025_L385,ST,0.0
HK_2025_L386,ST,0.0
HK_2025_L387,ST,0.0
HK_2025_L391,ST,0.0
HK_2025_L392,ST,0.0
HK_2025_L393,ST,0.0
HK_2025_L394,ST,0.0
HK_2025_L396,ST,0.0
HK_2025_L397,ST,0.0
HK_2025_L398,ST,0.0
HK_2025_L399,ST,0.0
HK_2025_L401,ST,0.0
HK_2025_L402,ST,0.0
HK_2025_L409,ST,0.0
HK_2025_L410,ST,0.0
HK_2025_L411,ST,0.5
HK_2025_L413,ST,0.0
HK_2025_L415,ST,0.0
HK_2025_L417,ST,0.0
HK_2025_L419,ST,0.0
HK_2025_L420,ST,0.0
HK_2025_L426,ST,0.0
HK_2025_L428,ST,0.0
HK_2025_L434,ST,0.0
HK_2025_L441,ST,0.5
HK_2025_L443,ST,0.0
HK_2025_L446,ST,0.0
HK_2025_L461,ST,0.0
HK_2025_L464,ST,0.0
HK_2025_L481,ST,0.0
