馬匹編號,途程_數值,勝率
HK_2019_D241,1600,0.0
HK_2019_D241,1650,0.0
HK_2019_D241,1800,0.0
HK_2019_D241,2000,0.3333333333333333
HK_2019_D241,2200,0.1111111111111111
HK_2020_E058,1400,0.0
HK_2020_E058,1600,0.06666666666666667
HK_2020_E058,1800,0.3333333333333333
HK_2020_E058,2000,0.0
HK_2020_E061,1000,0.125
HK_2020_E061,1200,0.0967741935483871
HK_2020_E061,1650,0.0
HK_2020_E175,1000,0.05263157894736842
HK_2020_E175,1200,0.0
HK_2020_E301,1000,0.0
HK_2020_E301,1200,0.10714285714285714
HK_2020_E301,1400,0.0
HK_2020_E356,1200,0.09523809523809523
HK_2020_E356,1400,0.0
HK_2020_E436,1600,0.4
HK_2020_E436,2000,0.3333333333333333
HK_2020_E436,2400,1.0
HK_2020_E471,1400,0.0
HK_2020_E471,1650,0.125
HK_2020_E488,1200,0.0
HK_2020_E488,1400,0.0
HK_2020_E488,1600,0.2
HK_2020_E488,1650,0.0
HK_2020_E488,1800,0.0
HK_2021_G095,1400,0.0
HK_2021_G095,1600,0.0
HK_2021_G095,1650,0.0
HK_2021_G125,1400,0.0
HK_2021_G125,1650,0.1111111111111111
HK_2021_G125,1800,0.0
HK_2021_G125,2200,0.0
HK_2021_G180,1200,0.0
HK_2021_G180,1400,0.0
HK_2021_G180,1600,0.3333333333333333
HK_2021_G192,1000,0.0
HK_2021_G192,1200,0.0
HK_2021_G192,1400,0.0
HK_2021_G209,1000,0.0
HK_2021_G209,1200,0.0
HK_2021_G209,1400,0.1111111111111111
HK_2021_G209,1650,0.0
HK_2021_G265,1000,0.0
HK_2021_G265,1200,0.1111111111111111
HK_2021_G265,1400,0.0
HK_2021_G268,1000,0.0
HK_2021_G268,1200,0.26666666666666666
HK_2021_G277,1200,0.0
HK_2021_G277,1650,0.10714285714285714
HK_2021_G277,1800,0.0
HK_2021_G292,1200,0.0
HK_2021_G292,1650,0.0
HK_2021_G292,1800,0.0
HK_2021_G306,1400,0.0
HK_2021_G306,1600,0.0
HK_2021_G306,1650,0.13333333333333333
HK_2021_G306,1800,0.0
HK_2021_G307,1400,0.0
HK_2021_G307,1650,0.11764705882352941
HK_2021_G307,1800,0.0
HK_2021_G312,1400,0.0
HK_2021_G312,1600,0.0
HK_2021_G312,1650,0.0
HK_2021_G312,1800,0.09090909090909091
HK_2021_G312,2000,0.0
HK_2021_G312,2200,0.0
HK_2021_G368,1200,0.1111111111111111
HK_2021_G368,1400,0.0
HK_2021_G368,1600,0.0
HK_2021_G368,1650,0.0
HK_2021_G368,1800,0.0
HK_2021_G404,1000,0.0
HK_2021_G404,1200,0.125
HK_2021_G404,1400,0.0
HK_2021_G404,1600,0.0
HK_2021_G462,1650,0.25
HK_2021_G462,1800,0.5
HK_2021_G462,2000,0.0
HK_2021_G463,1600,0.0
HK_2021_G463,1650,0.1
HK_2021_G463,1800,0.3
HK_2021_G463,2000,0.0
HK_2021_G465,1200,0.125
HK_2021_G465,1400,0.08333333333333333
HK_2021_G465,1650,0.0
HK_2021_G476,1400,0.0
HK_2021_G476,1600,0.0
HK_2021_G476,1650,0.05263157894736842
HK_2021_G476,1800,0.0
HK_2021_H011,1200,0.0
HK_2021_H011,1400,0.0
HK_2021_H011,1600,0.0
HK_2021_H011,1650,0.14285714285714285
HK_2021_H011,1800,0.25
HK_2021_H011,2000,0.0
HK_2022_H037,1000,0.0
HK_2022_H037,1200,0.0
HK_2022_H037,1650,0.16666666666666666
HK_2022_H037,1800,0.0
HK_2022_H041,1200,0.0
HK_2022_H041,1400,0.058823529411764705
HK_2022_H041,1600,0.0
HK_2022_H041,1650,0.0
HK_2022_H044,1000,0.0
HK_2022_H044,1200,0.07692307692307693
HK_2022_H044,1400,0.0
HK_2022_H057,1000,0.0
HK_2022_H057,1200,0.13043478260869565
HK_2022_H070,1650,0.047619047619047616
HK_2022_H070,1800,0.0
HK_2022_H070,2000,0.0
HK_2022_H087,1650,0.0
HK_2022_H087,1800,0.058823529411764705
HK_2022_H087,2200,0.0
HK_2022_H092,1000,0.3333333333333333
HK_2022_H092,1200,0.0
HK_2022_H095,1400,0.1111111111111111
HK_2022_H108,1000,1.0
HK_2022_H108,1200,0.125
HK_2022_H110,1200,0.1111111111111111
HK_2022_H110,1400,0.0
HK_2022_H113,1200,0.25
HK_2022_H113,1400,0.0
HK_2022_H113,1600,0.0
HK_2022_H113,1650,0.0
HK_2022_H113,1800,0.0
HK_2022_H116,1400,0.0
HK_2022_H116,1600,0.0
HK_2022_H116,1650,0.05263157894736842
HK_2022_H117,1000,0.0
HK_2022_H117,1200,0.0
HK_2022_H117,1400,0.06666666666666667
HK_2022_H120,1200,0.0
HK_2022_H120,1400,0.0
HK_2022_H120,1650,0.09090909090909091
HK_2022_H120,1800,0.0
HK_2022_H123,1200,0.0
HK_2022_H123,1400,0.0
HK_2022_H123,1600,0.0
HK_2022_H123,1650,0.0
HK_2022_H123,1800,0.6666666666666666
HK_2022_H134,1000,0.09090909090909091
HK_2022_H134,1200,0.0
HK_2022_H134,1400,0.0
HK_2022_H155,1000,0.0
HK_2022_H155,1200,0.18181818181818182
HK_2022_H155,1400,0.0
HK_2022_H161,1200,0.0
HK_2022_H161,1400,0.16666666666666666
HK_2022_H161,1600,0.0
HK_2022_H161,1650,0.0
HK_2022_H165,1650,0.0625
HK_2022_H165,1800,0.0
HK_2022_H165,2200,0.0
HK_2022_H168,1600,0.0
HK_2022_H168,1800,0.2
HK_2022_H168,2000,0.0
HK_2022_H168,2200,0.0
HK_2022_H173,1200,0.15384615384615385
HK_2022_H173,1400,0.0
HK_2022_H173,1600,0.0
HK_2022_H173,1650,0.2222222222222222
HK_2022_H175,1200,0.0
HK_2022_H175,1400,0.05555555555555555
HK_2022_H175,1600,0.0
HK_2022_H177,1000,0.0
HK_2022_H177,1200,0.0
HK_2022_H177,1400,0.23076923076923078
HK_2022_H180,1000,0.0
HK_2022_H180,1200,0.0
HK_2022_H180,1400,0.0
HK_2022_H180,1600,0.3333333333333333
HK_2022_H180,1650,0.0
HK_2022_H196,1600,0.3333333333333333
HK_2022_H196,1650,0.1
HK_2022_H196,1800,0.0
HK_2022_H196,2200,0.0
HK_2022_H197,1000,0.0
HK_2022_H197,1200,0.1111111111111111
HK_2022_H197,1400,0.0
HK_2022_H203,1000,0.09523809523809523
HK_2022_H203,1200,0.1
HK_2022_H207,1650,0.14285714285714285
HK_2022_H207,1800,0.0
HK_2022_H207,2200,0.0
HK_2022_H208,1000,0.05
HK_2022_H208,1200,0.0
HK_2022_H212,1600,0.0
HK_2022_H212,1800,0.125
HK_2022_H212,2000,0.0
HK_2022_H215,1400,0.0
HK_2022_H215,1600,0.0
HK_2022_H215,1650,0.09090909090909091
HK_2022_H215,1800,0.2857142857142857
HK_2022_H216,1000,0.0
HK_2022_H216,1200,0.25
HK_2022_H216,1400,0.0
HK_2022_H216,1600,0.0
HK_2022_H216,1650,0.25
HK_2022_H216,1800,0.0
HK_2022_H219,1600,0.0
HK_2022_H219,1650,0.0
HK_2022_H219,1800,0.42857142857142855
HK_2022_H219,2000,0.0
HK_2022_H219,2200,0.0
HK_2022_H235,1200,0.17391304347826086
HK_2022_H241,1000,0.17647058823529413
HK_2022_H241,1200,0.0
HK_2022_H252,1200,0.0
HK_2022_H252,1400,0.0
HK_2022_H276,1400,0.0
HK_2022_H276,1800,0.08333333333333333
HK_2022_H276,2000,0.0
HK_2022_H276,2200,0.0
HK_2022_H283,1200,0.17647058823529413
HK_2022_H283,1400,0.0
HK_2022_H283,1650,0.0
HK_2022_H289,1600,0.0
HK_2022_H289,1650,0.06666666666666667
HK_2022_H289,1800,0.0
HK_2022_H289,2000,0.0
HK_2022_H289,2200,0.0
HK_2022_H293,1200,0.0
HK_2022_H293,1400,0.0
HK_2022_H293,1600,0.0
HK_2022_H293,1650,0.14285714285714285
HK_2022_H293,1800,0.0
HK_2022_H293,2000,0.0
HK_2022_H293,2200,0.0
HK_2022_H294,1000,0.3333333333333333
HK_2022_H294,1200,0.1
HK_2022_H298,1400,0.08333333333333333
HK_2022_H298,1600,0.0
HK_2022_H298,1650,0.0
HK_2022_H302,1200,0.07692307692307693
HK_2022_H302,1400,0.0
HK_2022_H303,1000,0.0
HK_2022_H303,1200,0.15789473684210525
HK_2022_H303,1400,0.0
HK_2022_H311,1000,1.0
HK_2022_H311,1200,0.1
HK_2022_H311,1400,0.0
HK_2022_H311,1600,0.0
HK_2022_H317,1000,0.0
HK_2022_H317,1200,0.16666666666666666
HK_2022_H321,1000,0.0
HK_2022_H321,1200,0.1
HK_2022_H325,1200,0.047619047619047616
HK_2022_H334,1200,0.0
HK_2022_H334,1400,0.13636363636363635
HK_2022_H334,1600,0.0
HK_2022_H334,1650,0.0
HK_2022_H337,1200,0.17647058823529413
HK_2022_H337,1650,0.0
HK_2022_H338,1200,0.0
HK_2022_H338,1400,0.1111111111111111
HK_2022_H339,1400,0.0
HK_2022_H339,1600,0.25
HK_2022_H339,1650,0.09090909090909091
HK_2022_H339,1800,0.25
HK_2022_H349,1200,0.09090909090909091
HK_2022_H349,1400,0.0
HK_2022_H354,1400,0.25
HK_2022_H354,1600,0.0
HK_2022_H354,1650,0.0
HK_2022_H354,1800,0.1111111111111111
HK_2022_H356,1200,0.10526315789473684
HK_2022_H356,1650,0.0
HK_2022_H368,1000,0.0
HK_2022_H368,1200,0.11764705882352941
HK_2022_H368,1400,0.0
HK_2022_H376,1600,0.2
HK_2022_H376,1650,0.3333333333333333
HK_2022_H376,1800,0.0
HK_2022_H376,2200,0.0
HK_2022_H380,1400,0.0
HK_2022_H380,1600,0.0
HK_2022_H380,1650,0.0
HK_2022_H380,1800,0.5
HK_2022_H381,1200,0.0
HK_2022_H381,1600,0.0
HK_2022_H381,1650,0.15
HK_2022_H381,1800,0.0
HK_2022_H382,1400,0.0
HK_2022_H382,1600,0.0
HK_2022_H382,1650,0.0
HK_2022_H382,1800,0.0
HK_2022_H382,2000,0.3333333333333333
HK_2022_H382,2200,0.3333333333333333
HK_2022_H388,1400,0.0
HK_2022_H388,1600,0.0
HK_2022_H388,1800,0.1111111111111111
HK_2022_H388,2000,0.0
HK_2022_H392,1400,0.0
HK_2022_H392,1600,0.0
HK_2022_H392,1650,0.0
HK_2022_H394,1200,0.4
HK_2022_H394,1400,0.1111111111111111
HK_2022_H395,1200,0.23076923076923078
HK_2022_H395,1400,0.0
HK_2022_H396,1000,0.0
HK_2022_H396,1200,0.16666666666666666
HK_2022_H399,1400,0.0
HK_2022_H399,1600,0.16666666666666666
HK_2022_H399,2000,0.0
HK_2022_H405,1000,0.16129032258064516
HK_2022_H405,1200,0.0
HK_2022_H407,1200,0.12
HK_2022_H407,1400,0.0
HK_2022_H408,1200,0.07692307692307693
HK_2022_H408,1400,0.16666666666666666
HK_2022_H408,1600,0.0
HK_2022_H412,1200,1.0
HK_2022_H412,1400,0.16666666666666666
HK_2022_H412,1600,0.0
HK_2022_H412,1800,0.5
HK_2022_H412,2000,0.0
HK_2022_H412,2400,0.0
HK_2022_H418,1600,0.2
HK_2022_H418,1650,0.25
HK_2022_H418,1800,0.25
HK_2022_H418,2000,0.0
HK_2022_H419,1400,0.0
HK_2022_H419,1600,0.0
HK_2022_H419,1650,0.08333333333333333
HK_2022_H419,1800,0.0
HK_2022_H432,1600,0.0
HK_2022_H432,1650,0.125
HK_2022_H432,1800,0.0
HK_2022_H432,2200,0.0
HK_2022_H435,1000,0.0
HK_2022_H435,1200,0.0
HK_2022_H435,1400,0.4444444444444444
HK_2022_H435,1600,0.0
HK_2022_H435,1650,0.0
HK_2022_H436,1000,0.1111111111111111
HK_2022_H436,1200,0.14285714285714285
HK_2022_H439,1200,0.041666666666666664
HK_2022_H447,1200,0.0
HK_2022_H447,1400,0.0
HK_2022_H447,1600,0.0
HK_2022_H447,1650,0.42857142857142855
HK_2022_H447,1800,0.0
HK_2022_H450,1400,0.0
HK_2022_H450,1600,0.0
HK_2022_H450,1650,0.0
HK_2022_H450,1800,0.4
HK_2022_H450,2000,0.14285714285714285
HK_2022_H451,1400,0.0
HK_2022_H451,1600,0.16666666666666666
HK_2022_H451,1650,0.1
HK_2022_H451,1800,0.0
HK_2022_H451,2000,0.0
HK_2022_H452,1600,0.0
HK_2022_H452,1800,0.16666666666666666
HK_2022_H452,2000,0.0
HK_2022_H452,2400,0.0
HK_2022_H453,1200,0.0
HK_2022_H453,1400,0.42857142857142855
HK_2022_H454,1000,0.0
HK_2022_H454,1200,0.10714285714285714
HK_2022_H454,1400,0.0
HK_2022_H455,1200,0.0
HK_2022_H455,1400,0.0
HK_2022_H459,1200,0.18181818181818182
HK_2022_H459,1400,0.07692307692307693
HK_2022_H459,1600,0.0
HK_2022_H459,1650,0.0
HK_2022_H461,1400,0.2
HK_2022_H461,1600,0.06666666666666667
HK_2022_H461,1800,0.0
HK_2022_H464,1000,0.0
HK_2022_H464,1200,0.09090909090909091
HK_2022_H465,1200,0.09090909090909091
HK_2022_H465,1400,0.15384615384615385
HK_2022_H465,1650,0.0
HK_2022_H475,1200,0.0
HK_2022_H475,1400,0.11764705882352941
HK_2022_H475,1650,0.0
HK_2022_H481,1400,0.0
HK_2022_H481,1600,0.0
HK_2022_H481,1650,0.13636363636363635
HK_2022_H481,1800,0.0
HK_2022_H485,1200,0.0
HK_2022_H485,1400,0.18181818181818182
HK_2022_H485,1600,0.14285714285714285
HK_2022_H486,1400,0.0
HK_2022_H486,1600,0.0
HK_2022_H486,1650,0.0
HK_2022_H486,1800,0.15789473684210525
HK_2022_H486,2000,0.0
HK_2022_H486,2200,0.3333333333333333
HK_2023_J002,1000,0.0
HK_2023_J002,1400,0.0
HK_2023_J002,1600,0.0
HK_2023_J002,1650,0.0
HK_2023_J002,1800,0.0
HK_2023_J007,1000,0.0
HK_2023_J007,1200,0.0
HK_2023_J008,1200,0.14285714285714285
HK_2023_J008,1400,0.0
HK_2023_J008,1600,0.0
HK_2023_J008,1650,0.0
HK_2023_J015,1400,0.125
HK_2023_J015,1600,0.0
HK_2023_J015,1650,0.0
HK_2023_J015,1800,0.0
HK_2023_J020,1000,0.0
HK_2023_J020,1200,0.0
HK_2023_J020,1400,0.0
HK_2023_J027,1200,0.15789473684210525
HK_2023_J027,1400,0.1111111111111111
HK_2023_J027,1600,0.0
HK_2023_J037,1200,0.0
HK_2023_J037,1400,0.0
HK_2023_J037,1600,0.0
HK_2023_J037,1650,0.0
HK_2023_J039,1200,0.0
HK_2023_J039,1400,0.07692307692307693
HK_2023_J039,1600,0.0
HK_2023_J042,1000,0.0
HK_2023_J042,1200,0.07692307692307693
HK_2023_J043,1000,0.14285714285714285
HK_2023_J043,1200,0.11764705882352941
HK_2023_J050,1600,0.0
HK_2023_J050,1650,0.3333333333333333
HK_2023_J050,1800,0.125
HK_2023_J050,2000,0.0
HK_2023_J060,1000,0.6
HK_2023_J060,1200,0.2
HK_2023_J062,1200,1.0
HK_2023_J062,1400,1.0
HK_2023_J065,1200,0.0
HK_2023_J065,1400,0.18181818181818182
HK_2023_J065,1600,0.0
HK_2023_J065,1650,0.0
HK_2023_J066,1000,0.0
HK_2023_J066,1200,0.26666666666666666
HK_2023_J066,1400,0.0
HK_2023_J071,1000,0.06666666666666667
HK_2023_J071,1200,0.3333333333333333
HK_2023_J075,1600,0.0
HK_2023_J075,1650,0.0
HK_2023_J075,1800,0.0
HK_2023_J075,2000,0.0
HK_2023_J075,2400,0.0
HK_2023_J079,1400,0.0
HK_2023_J079,1600,0.0
HK_2023_J079,1650,0.15
HK_2023_J079,1800,0.0
HK_2023_J087,1000,0.13333333333333333
HK_2023_J087,1200,0.07142857142857142
HK_2023_J092,1400,0.5
HK_2023_J092,1600,0.16666666666666666
HK_2023_J092,1650,0.0
HK_2023_J092,1800,0.0
HK_2023_J093,1200,0.0
HK_2023_J093,1400,0.0
HK_2023_J093,1650,0.09090909090909091
HK_2023_J093,1800,0.0
HK_2023_J098,1200,0.0
HK_2023_J098,1400,0.0
HK_2023_J098,1650,0.15
HK_2023_J098,1800,0.0
HK_2023_J099,1200,0.045454545454545456
HK_2023_J099,1400,0.0
HK_2023_J114,1200,0.3333333333333333
HK_2023_J114,1400,0.0
HK_2023_J115,1200,0.0
HK_2023_J115,1400,0.1111111111111111
HK_2023_J115,1600,0.0
HK_2023_J115,1650,0.0
HK_2023_J116,1000,0.0
HK_2023_J116,1200,0.1
HK_2023_J118,1000,0.0
HK_2023_J118,1200,0.1
HK_2023_J118,1400,0.0
HK_2023_J123,1200,0.2
HK_2023_J123,1400,0.0
HK_2023_J123,1650,0.1
HK_2023_J123,1800,0.0
HK_2023_J127,1400,0.0
HK_2023_J127,1600,0.16666666666666666
HK_2023_J127,1650,0.15789473684210525
HK_2023_J127,1800,0.3333333333333333
HK_2023_J131,1200,0.0
HK_2023_J131,1400,0.0
HK_2023_J131,1600,0.0
HK_2023_J131,1650,0.21052631578947367
HK_2023_J131,1800,0.0
HK_2023_J131,2200,0.0
HK_2023_J133,1000,0.0
HK_2023_J133,1200,0.16666666666666666
HK_2023_J133,1400,0.0
HK_2023_J133,1650,0.0
HK_2023_J135,1200,0.0
HK_2023_J135,1400,0.0
HK_2023_J135,1650,0.14285714285714285
HK_2023_J135,1800,0.0
HK_2023_J136,1200,0.0
HK_2023_J136,1600,0.0
HK_2023_J136,1650,0.25
HK_2023_J136,1800,0.0
HK_2023_J136,2000,0.0
HK_2023_J137,1650,0.045454545454545456
HK_2023_J137,1800,0.0
HK_2023_J141,1000,0.0
HK_2023_J141,1200,0.07692307692307693
HK_2023_J141,1400,0.3333333333333333
HK_2023_J141,1650,0.3333333333333333
HK_2023_J143,1200,0.10714285714285714
HK_2023_J146,1200,0.0
HK_2023_J146,1400,0.0
HK_2023_J146,1600,0.0
HK_2023_J146,1650,0.1
HK_2023_J146,1800,0.3333333333333333
HK_2023_J150,1200,0.15625
HK_2023_J150,1400,0.0
HK_2023_J150,1650,0.0
HK_2023_J157,1000,0.0
HK_2023_J157,1200,0.17391304347826086
HK_2023_J157,1400,0.0
HK_2023_J158,1200,0.1
HK_2023_J158,1400,0.0
HK_2023_J158,1600,0.0
HK_2023_J161,1000,0.0
HK_2023_J161,1200,0.2727272727272727
HK_2023_J161,1400,0.1
HK_2023_J161,1600,0.5
HK_2023_J161,1650,0.0
HK_2023_J161,1800,0.0
HK_2023_J162,1400,0.0
HK_2023_J162,1600,0.1111111111111111
HK_2023_J162,1650,0.08333333333333333
HK_2023_J162,1800,0.0
HK_2023_J162,2000,0.0
HK_2023_J164,1200,0.10526315789473684
HK_2023_J164,1400,0.0
HK_2023_J164,1650,0.0
HK_2023_J169,1400,0.0
HK_2023_J169,1600,0.0
HK_2023_J169,1650,0.18181818181818182
HK_2023_J169,1800,0.0
HK_2023_J170,1200,0.0
HK_2023_J170,1400,0.0
HK_2023_J170,1600,0.0
HK_2023_J170,1800,0.0
HK_2023_J170,2000,0.0
HK_2023_J174,1200,0.0
HK_2023_J174,1400,0.09090909090909091
HK_2023_J174,1650,0.0
HK_2023_J176,1200,0.0
HK_2023_J176,1400,0.0
HK_2023_J176,1600,0.0
HK_2023_J176,1650,0.0
HK_2023_J180,1200,0.0
HK_2023_J180,1400,0.3125
HK_2023_J180,1650,0.0
HK_2023_J182,1600,0.0
HK_2023_J182,1650,0.0
HK_2023_J182,1800,0.3
HK_2023_J182,2000,0.0
HK_2023_J182,2200,0.0
HK_2023_J183,1400,0.0
HK_2023_J183,1650,0.09090909090909091
HK_2023_J183,1800,0.06666666666666667
HK_2023_J183,2000,0.0
HK_2023_J186,1000,0.29411764705882354
HK_2023_J186,1200,0.0
HK_2023_J187,1200,0.2222222222222222
HK_2023_J187,1400,0.0
HK_2023_J187,1600,0.0
HK_2023_J187,1650,0.1
HK_2023_J187,1800,0.0
HK_2023_J195,1200,0.07692307692307693
HK_2023_J195,1400,0.07142857142857142
HK_2023_J195,1600,0.0
HK_2023_J197,1400,0.0
HK_2023_J197,1600,0.25
HK_2023_J197,1650,0.25
HK_2023_J197,1800,0.0
HK_2023_J200,1200,0.0
HK_2023_J200,1400,0.0
HK_2023_J200,1600,0.0
HK_2023_J200,1650,0.21052631578947367
HK_2023_J200,1800,0.0
HK_2023_J208,1600,0.0
HK_2023_J208,1650,0.0
HK_2023_J208,1800,0.0
HK_2023_J213,1000,0.0
HK_2023_J213,1600,0.0
HK_2023_J213,1650,0.058823529411764705
HK_2023_J213,1800,0.0
HK_2023_J213,2200,0.0
HK_2023_J215,1600,0.09090909090909091
HK_2023_J215,1650,0.0
HK_2023_J215,1800,0.0
HK_2023_J215,2000,0.0
HK_2023_J215,2200,0.0
HK_2023_J217,1200,0.10526315789473684
HK_2023_J218,1200,0.14285714285714285
HK_2023_J218,1400,0.09090909090909091
HK_2023_J218,1650,0.0
HK_2023_J222,1000,0.0
HK_2023_J222,1200,0.08333333333333333
HK_2023_J222,1400,0.0
HK_2023_J222,1650,0.0
HK_2023_J223,1000,0.0
HK_2023_J223,1200,0.07142857142857142
HK_2023_J223,1400,0.0
HK_2023_J224,1600,0.25
HK_2023_J224,1650,0.0
HK_2023_J224,1800,0.0
HK_2023_J224,2000,0.3333333333333333
HK_2023_J224,2200,0.0
HK_2023_J225,1400,0.2
HK_2023_J225,1600,0.0
HK_2023_J225,1650,0.25
HK_2023_J225,1800,0.0
HK_2023_J227,1650,0.17391304347826086
HK_2023_J227,1800,0.0
HK_2023_J231,1200,0.0
HK_2023_J231,1400,0.0
HK_2023_J231,1600,0.0
HK_2023_J231,1650,0.2222222222222222
HK_2023_J231,1800,0.0
HK_2023_J236,1400,0.0
HK_2023_J236,1600,0.0
HK_2023_J236,1650,0.10526315789473684
HK_2023_J236,1800,0.0
HK_2023_J237,1200,0.14814814814814814
HK_2023_J237,1400,0.0
HK_2023_J237,1650,0.0
HK_2023_J239,1200,0.23076923076923078
HK_2023_J239,1400,0.2
HK_2023_J239,1650,0.0
HK_2023_J243,1000,0.0
HK_2023_J243,1200,0.0
HK_2023_J243,1400,0.0
HK_2023_J245,1400,0.0
HK_2023_J245,1600,0.2
HK_2023_J245,1650,0.0
HK_2023_J245,1800,0.0
HK_2023_J245,2000,0.0
HK_2023_J253,1200,0.07692307692307693
HK_2023_J255,1200,0.16666666666666666
HK_2023_J255,1400,0.0
HK_2023_J255,1600,0.0
HK_2023_J255,1650,0.0
HK_2023_J255,2000,0.0
HK_2023_J256,1200,0.5
HK_2023_J256,1400,1.0
HK_2023_J256,1600,0.3333333333333333
HK_2023_J256,1800,0.0
HK_2023_J256,2000,0.0
HK_2023_J260,1400,0.0
HK_2023_J260,1600,0.2
HK_2023_J260,1650,0.25
HK_2023_J260,1800,0.25
HK_2023_J260,2000,0.0
HK_2023_J263,1400,0.14285714285714285
HK_2023_J263,1600,0.0
HK_2023_J263,1650,0.0
HK_2023_J263,1800,0.3333333333333333
HK_2023_J263,2000,0.0
HK_2023_J265,1200,0.5
HK_2023_J265,1400,0.0
HK_2023_J265,1650,0.0
HK_2023_J267,1200,0.0
HK_2023_J267,1400,0.0
HK_2023_J267,1600,0.0
HK_2023_J267,1650,0.09090909090909091
HK_2023_J267,1800,0.0
HK_2023_J267,2000,0.0
HK_2023_J272,1200,0.0
HK_2023_J272,1400,0.09090909090909091
HK_2023_J272,1600,0.16666666666666666
HK_2023_J273,1200,0.0
HK_2023_J273,1400,0.1
HK_2023_J273,1600,0.0
HK_2023_J275,1200,0.14285714285714285
HK_2023_J275,1400,0.125
HK_2023_J275,1600,0.0
HK_2023_J276,1200,0.0
HK_2023_J276,1400,0.0
HK_2023_J276,1600,0.14285714285714285
HK_2023_J276,1650,0.18181818181818182
HK_2023_J276,1800,0.0
HK_2023_J277,1200,0.5
HK_2023_J277,1400,0.2727272727272727
HK_2023_J277,1600,0.0
HK_2023_J277,1800,0.0
HK_2023_J278,1200,0.0
HK_2023_J278,1400,0.125
HK_2023_J278,1600,0.25
HK_2023_J278,1650,0.0
HK_2023_J279,1000,0.0
HK_2023_J279,1200,0.2222222222222222
HK_2023_J279,1400,0.0
HK_2023_J279,1650,0.18181818181818182
HK_2023_J280,1200,0.07142857142857142
HK_2023_J280,1400,0.07142857142857142
HK_2023_J280,1650,0.0
HK_2023_J285,1000,0.25
HK_2023_J285,1200,0.0
HK_2023_J288,1200,0.08333333333333333
HK_2023_J288,1400,0.0
HK_2023_J288,1650,0.0
HK_2023_J290,1200,0.14285714285714285
HK_2023_J290,1400,0.0
HK_2023_J290,1650,0.0
HK_2023_J291,1400,0.0
HK_2023_J291,1600,0.0
HK_2023_J291,1650,0.0
HK_2023_J294,1000,0.0
HK_2023_J294,1200,0.0
HK_2023_J294,1400,0.0
HK_2023_J294,1600,0.0
HK_2023_J294,1650,0.0
HK_2023_J295,1000,0.09523809523809523
HK_2023_J295,1200,0.0
HK_2023_J298,1400,0.0
HK_2023_J298,1650,0.1875
HK_2023_J298,1800,0.0
HK_2023_J299,1000,0.07692307692307693
HK_2023_J299,1200,0.0
HK_2023_J300,1200,0.15384615384615385
HK_2023_J300,1400,0.2
HK_2023_J300,1600,0.0
HK_2023_J300,1650,0.0
HK_2023_J301,1600,0.14285714285714285
HK_2023_J301,1800,0.14285714285714285
HK_2023_J301,2000,0.0
HK_2023_J301,2400,0.0
HK_2023_J303,1200,0.13636363636363635
HK_2023_J303,1400,0.0
HK_2023_J303,1650,0.0
HK_2023_J305,1200,0.09090909090909091
HK_2023_J305,1650,0.0
HK_2023_J308,1000,0.0
HK_2023_J308,1200,0.0
HK_2023_J309,1000,0.0
HK_2023_J309,1200,0.06666666666666667
HK_2023_J309,1400,0.16666666666666666
HK_2023_J309,1650,0.0
HK_2023_J312,1000,0.0
HK_2023_J312,1200,0.0
HK_2023_J312,1400,0.0
HK_2023_J315,1200,0.0
HK_2023_J315,1400,0.125
HK_2023_J316,1000,0.4
HK_2023_J316,1200,0.07142857142857142
HK_2023_J316,1400,0.0
HK_2023_J317,1000,0.0
HK_2023_J317,1200,0.3333333333333333
HK_2023_J317,1400,0.0
HK_2023_J317,1600,0.0
HK_2023_J319,1000,0.0
HK_2023_J319,1200,0.0
HK_2023_J319,1400,0.0
HK_2023_J319,1650,0.0
HK_2023_J323,1000,0.1111111111111111
HK_2023_J323,1200,0.0
HK_2023_J331,1600,0.0
HK_2023_J331,1650,0.0
HK_2023_J331,1800,0.0
HK_2023_J331,2000,0.0
HK_2023_J331,2200,0.1
HK_2023_J332,1200,0.047619047619047616
HK_2023_J332,1400,0.0
HK_2023_J332,1650,0.0
HK_2023_J332,2200,0.0
HK_2023_J333,1000,0.25
HK_2023_J333,1200,0.0
HK_2023_J339,1400,0.5
HK_2023_J339,1600,0.14285714285714285
HK_2023_J339,1800,0.0
HK_2023_J339,2000,0.0
HK_2023_J343,1200,0.3333333333333333
HK_2023_J343,1400,0.42857142857142855
HK_2023_J344,1000,0.0
HK_2023_J344,1200,0.09090909090909091
HK_2023_J344,1400,0.0
HK_2023_J344,1650,0.0
HK_2023_J345,1000,0.16666666666666666
HK_2023_J345,1200,0.0
HK_2023_J345,1400,0.0
HK_2023_J346,1200,0.3076923076923077
HK_2023_J346,1400,0.0
HK_2023_J346,1650,0.0
HK_2023_J357,1200,0.5
HK_2023_J357,1400,0.3333333333333333
HK_2023_J357,1600,0.5
HK_2023_J357,1800,0.0
HK_2023_J357,2000,0.0
HK_2023_J358,1000,0.6
HK_2023_J358,1200,0.2727272727272727
HK_2023_J358,1400,0.0
HK_2023_J358,1600,0.0
HK_2023_J359,1000,0.0
HK_2023_J359,1200,0.041666666666666664
HK_2023_J360,1000,0.0
HK_2023_J360,1200,0.125
HK_2023_J360,1400,0.25
HK_2023_J360,1650,0.14285714285714285
HK_2023_J362,1000,0.0
HK_2023_J362,1200,0.09523809523809523
HK_2023_J363,1200,0.125
HK_2023_J365,1200,0.1111111111111111
HK_2023_J366,1000,0.5
HK_2023_J366,1200,0.047619047619047616
HK_2023_J370,1000,0.0
HK_2023_J370,1200,0.13333333333333333
HK_2023_J370,1400,0.0
HK_2023_J375,1000,0.0
HK_2023_J375,1200,0.05555555555555555
HK_2023_J375,1400,0.5
HK_2023_J375,1650,0.0
HK_2023_J383,1000,0.2
HK_2023_J383,1200,0.2727272727272727
HK_2023_J384,1400,0.0
HK_2023_J384,1600,0.0
HK_2023_J384,1650,0.14285714285714285
HK_2023_J390,1400,0.0
HK_2023_J390,1600,0.5
HK_2023_J390,1800,0.0
HK_2023_J390,2000,0.0
HK_2023_J391,1200,0.3333333333333333
HK_2023_J391,1400,0.2727272727272727
HK_2023_J391,1600,0.0
HK_2023_J393,1000,0.0
HK_2023_J393,1200,0.08695652173913043
HK_2023_J393,1400,0.0
HK_2023_J393,1650,0.0
HK_2023_J394,1200,0.0
HK_2023_J394,1400,0.0
HK_2023_J394,1650,0.0
HK_2023_J395,1200,0.0
HK_2023_J395,1400,0.0
HK_2023_J395,1600,0.0
HK_2023_J395,1650,0.0
HK_2023_J395,1800,0.0
HK_2023_J396,1000,0.0
HK_2023_J396,1200,0.07692307692307693
HK_2023_J396,1400,0.2
HK_2023_J396,1650,0.2
HK_2023_J397,1200,0.0
HK_2023_J397,1400,0.0
HK_2023_J397,1600,0.6666666666666666
HK_2023_J397,1650,0.0
HK_2023_J398,1200,0.0
HK_2023_J398,1400,0.0
HK_2023_J398,1600,0.2
HK_2023_J398,1650,0.0
HK_2023_J398,1800,0.0
HK_2023_J401,1200,0.08333333333333333
HK_2023_J402,1200,0.14285714285714285
HK_2023_J402,1400,0.2
HK_2023_J402,1650,0.0
HK_2023_J403,1000,0.0
HK_2023_J403,1200,0.045454545454545456
HK_2023_J403,1400,0.0
HK_2023_J413,1200,0.17647058823529413
HK_2023_J413,1400,0.125
HK_2023_J413,1650,0.0
HK_2023_J417,1000,0.0
HK_2023_J417,1200,0.3076923076923077
HK_2023_J418,1200,0.0
HK_2023_J418,1400,0.125
HK_2023_J418,1600,0.3333333333333333
HK_2023_J421,1200,0.125
HK_2023_J421,1400,0.16666666666666666
HK_2023_J423,1000,0.25
HK_2023_J423,1200,0.05263157894736842
HK_2023_J426,1400,0.0
HK_2023_J426,1600,0.0
HK_2023_J426,1650,0.3333333333333333
HK_2023_J427,1000,0.0
HK_2023_J427,1200,0.18181818181818182
HK_2023_J427,1400,0.0
HK_2023_J428,1200,0.6666666666666666
HK_2023_J428,1400,0.0
HK_2023_J431,1000,0.21428571428571427
HK_2023_J431,1200,0.0
HK_2023_J437,1000,0.0
HK_2023_J437,1200,0.14285714285714285
HK_2023_J437,1400,0.0
HK_2023_J442,1000,1.0
HK_2023_J442,1200,0.0
HK_2023_J442,1400,0.0
HK_2023_J442,1600,0.09090909090909091
HK_2023_J442,1800,0.0
HK_2023_J442,2000,0.0
HK_2023_J444,1000,0.0
HK_2023_J444,1200,0.0
HK_2023_J444,1400,0.2
HK_2023_J444,1650,0.0
HK_2023_J445,1200,0.0
HK_2023_J445,1400,0.2
HK_2023_J445,1650,0.1111111111111111
HK_2023_J446,1400,0.0
HK_2023_J446,1600,0.0
HK_2023_J446,1650,0.2
HK_2023_J446,1800,0.16666666666666666
HK_2023_J446,2000,0.0
HK_2023_J447,1200,0.0
HK_2023_J447,1400,0.0
HK_2023_J447,1600,0.09090909090909091
HK_2023_J447,1800,0.0
HK_2023_J448,1000,0.0
HK_2023_J448,1200,0.0
HK_2023_J448,1400,0.0
HK_2023_J448,1600,0.0
HK_2023_J448,1650,0.0
HK_2023_J451,1200,0.0
HK_2023_J451,1400,0.14285714285714285
HK_2023_J451,1600,0.0
HK_2023_J451,1650,0.0
HK_2023_J452,1200,0.0
HK_2023_J452,1400,0.0
HK_2023_J452,1600,0.0
HK_2023_J452,1650,0.0
HK_2023_J452,1800,0.25
HK_2023_J452,2000,0.0
HK_2023_J452,2200,0.0
HK_2023_J454,1200,0.0
HK_2023_J454,1400,1.0
HK_2023_J454,1600,0.0
HK_2023_J454,1650,0.5
HK_2023_J454,1800,0.0
HK_2023_J454,2000,0.0
HK_2023_J458,1200,0.0
HK_2023_J458,1400,0.0
HK_2023_J463,1200,0.0
HK_2023_J463,1400,0.0
HK_2023_J463,1600,0.0
HK_2023_J463,1650,0.0
HK_2023_J463,1800,0.0
HK_2023_J463,2000,0.0
HK_2023_J463,2200,0.3333333333333333
HK_2023_J465,1000,0.2727272727272727
HK_2023_J465,1200,0.0
HK_2023_J467,1000,0.0
HK_2023_J467,1200,0.0
HK_2023_J467,1400,0.16666666666666666
HK_2023_J467,1650,0.0
HK_2023_J468,1000,0.17647058823529413
HK_2023_J468,1200,0.0
HK_2023_J479,1000,0.0
HK_2023_J479,1200,0.0
HK_2023_J479,1400,0.0
HK_2023_J479,1650,0.0
HK_2023_J480,1000,0.0
HK_2023_J480,1200,0.0
HK_2023_J480,1400,0.0
HK_2023_J480,1650,0.0
HK_2023_J481,1200,0.0
HK_2023_J481,1400,0.375
HK_2023_J481,1600,0.0
HK_2023_J481,2000,0.0
HK_2023_J482,1000,0.0
HK_2023_J482,1200,0.0
HK_2023_J486,1200,0.0
HK_2023_J486,1400,0.0
HK_2023_J486,1600,0.0
HK_2023_J486,1650,0.14285714285714285
HK_2023_J486,1800,0.0
HK_2023_J487,1200,0.15789473684210525
HK_2023_J487,1400,0.0
HK_2023_J488,1000,0.0
HK_2023_J488,1200,0.19047619047619047
HK_2023_J488,1400,0.0
HK_2023_J488,1650,0.0
HK_2023_J494,1200,0.0
HK_2023_J494,1400,0.0
HK_2023_J494,1650,0.08333333333333333
HK_2023_J494,1800,0.0
HK_2023_J498,1000,0.0
HK_2023_J498,1200,0.0
HK_2023_J498,1400,0.5
HK_2023_J498,1600,0.0
HK_2023_J499,1200,0.2
HK_2023_J499,1400,0.0
HK_2023_J500,1200,0.16666666666666666
HK_2023_J500,1400,0.1111111111111111
HK_2023_J500,1600,0.0
HK_2023_J500,1650,0.0
HK_2023_J501,1200,0.0625
HK_2023_J501,1400,0.0
HK_2023_J501,1650,0.0
HK_2023_J502,1400,0.0
HK_2023_J502,1650,0.0
HK_2023_J502,1800,0.09090909090909091
HK_2023_J502,2000,0.0
HK_2023_J502,2200,0.0
HK_2023_J503,1200,0.3333333333333333
HK_2023_J503,1400,0.0
HK_2023_J503,1650,0.0
HK_2023_J504,1000,0.0
HK_2023_J504,1200,0.0
HK_2023_J504,1400,0.0
HK_2023_J504,1650,0.125
HK_2023_J508,1600,0.0
HK_2023_J508,1650,0.14285714285714285
HK_2023_J508,1800,0.0
HK_2023_J508,2000,0.0
HK_2023_J508,2200,0.0
HK_2023_J509,1400,0.0
HK_2023_J509,1600,0.0
HK_2023_J509,1650,0.0
HK_2023_J509,1800,0.125
HK_2023_J509,2000,0.0
HK_2023_J509,2200,1.0
HK_2023_J510,1000,0.0
HK_2023_J510,1200,0.0
HK_2023_J510,1400,0.0
HK_2023_J510,1650,0.25
HK_2023_J510,1800,0.0
HK_2023_J511,1000,0.0
HK_2023_J511,1200,0.1
HK_2023_J511,1400,0.0
HK_2023_J513,1000,0.0
HK_2023_J513,1200,0.1111111111111111
HK_2023_J513,1400,0.0
HK_2023_J514,1200,0.0
HK_2023_J514,1400,0.18181818181818182
HK_2023_J514,1600,0.16666666666666666
HK_2023_J514,1650,0.2
HK_2023_J515,1200,0.0625
HK_2023_J515,1400,0.0
HK_2023_J516,1200,0.08333333333333333
HK_2023_J516,1400,0.0
HK_2023_J517,1200,0.6666666666666666
HK_2023_J517,1400,0.6666666666666666
HK_2023_J517,1600,0.6666666666666666
HK_2023_J517,1650,1.0
HK_2023_J517,1800,0.0
HK_2023_J519,1200,0.23076923076923078
HK_2023_J520,1200,0.18181818181818182
HK_2023_J524,1400,0.0
HK_2023_J524,1600,0.0
HK_2023_J524,1800,0.0
HK_2023_J524,2000,0.0
HK_2023_J524,2200,0.4
HK_2023_J529,1200,0.0
HK_2023_J529,1400,0.0
HK_2023_J529,1650,0.125
HK_2023_J529,1800,0.0
HK_2023_J529,2000,1.0
HK_2023_J529,2200,0.0
HK_2023_J530,1200,0.13333333333333333
HK_2023_J530,1400,0.09090909090909091
HK_2023_J532,1000,0.25
HK_2023_J532,1200,0.0
HK_2023_J532,1400,0.0
HK_2023_J533,1400,0.0
HK_2023_J533,1600,0.1111111111111111
HK_2023_J533,1650,0.0
HK_2023_J533,1800,0.25
HK_2023_J534,1200,0.15384615384615385
HK_2023_J534,1400,0.16666666666666666
HK_2023_J534,1650,0.0
HK_2023_J535,1200,0.0
HK_2023_J535,1400,0.10526315789473684
HK_2023_J535,1600,0.0
HK_2023_J535,1650,0.0
HK_2023_J536,1400,0.0
HK_2023_J536,1650,0.0
HK_2023_J536,1800,0.0
HK_2023_J536,2000,0.1111111111111111
HK_2023_J536,2200,1.0
HK_2023_J536,2400,0.0
HK_2023_J537,1000,0.0
HK_2023_J537,1200,0.17391304347826086
HK_2023_J537,1400,0.0
HK_2023_J539,1000,0.3333333333333333
HK_2023_J539,1200,0.0
HK_2023_J539,1400,0.0
HK_2023_J540,1000,0.0
HK_2023_J540,1200,0.1875
HK_2023_J540,1400,0.0
HK_2023_J540,1650,0.0
HK_2023_J542,1200,0.0
HK_2023_J542,1400,0.125
HK_2023_J542,1650,0.5
HK_2023_J545,1000,0.0
HK_2023_J545,1200,0.0
HK_2024_K002,1000,0.0
HK_2024_K002,1200,0.13636363636363635
HK_2024_K002,1400,0.0
HK_2024_K003,1200,0.0
HK_2024_K003,1400,0.0
HK_2024_K003,1650,0.08333333333333333
HK_2024_K003,1800,0.0
HK_2024_K004,1200,0.0
HK_2024_K004,1400,0.18181818181818182
HK_2024_K004,1600,0.3333333333333333
HK_2024_K004,1650,0.0
HK_2024_K004,1800,0.125
HK_2024_K004,2000,0.0
HK_2024_K004,2200,1.0
HK_2024_K005,1200,0.0
HK_2024_K005,1400,0.3
HK_2024_K005,1600,0.0
HK_2024_K005,1650,0.14285714285714285
HK_2024_K005,1800,0.0
HK_2024_K006,1200,0.0
HK_2024_K006,1400,0.0
HK_2024_K006,1650,0.2
HK_2024_K007,1200,0.08333333333333333
HK_2024_K007,1400,0.1111111111111111
HK_2024_K007,1600,0.0
HK_2024_K007,1650,0.0
HK_2024_K007,1800,0.0
HK_2024_K008,1200,0.3
HK_2024_K008,1400,0.0
HK_2024_K009,1200,0.0
HK_2024_K009,1400,0.0
HK_2024_K009,1600,0.0
HK_2024_K009,1650,0.0
HK_2024_K009,1800,0.0
HK_2024_K010,1000,0.0
HK_2024_K010,1200,0.16666666666666666
HK_2024_K011,1200,0.13333333333333333
HK_2024_K011,1650,0.0
HK_2024_K012,1600,0.0
HK_2024_K012,1650,0.0
HK_2024_K012,1800,0.0
HK_2024_K012,2000,0.0
HK_2024_K012,2200,0.0
HK_2024_K012,2400,0.5
HK_2024_K014,1400,0.14285714285714285
HK_2024_K014,1600,0.25
HK_2024_K014,1800,0.0
HK_2024_K014,2000,0.0
HK_2024_K016,1200,0.0
HK_2024_K016,1400,0.1
HK_2024_K016,1600,0.25
HK_2024_K016,1650,0.0
HK_2024_K016,1800,0.0
HK_2024_K017,1000,0.0
HK_2024_K017,1200,0.045454545454545456
HK_2024_K017,1400,0.0
HK_2024_K021,1600,0.0
HK_2024_K021,1800,0.0
HK_2024_K021,2000,0.5
HK_2024_K021,2400,0.0
HK_2024_K024,1200,0.0
HK_2024_K024,1400,0.0
HK_2024_K024,1650,0.0
HK_2024_K028,1000,0.0
HK_2024_K028,1200,0.0
HK_2024_K028,1400,0.0
HK_2024_K028,1600,0.0
HK_2024_K028,1650,0.0
HK_2024_K029,1000,0.0
HK_2024_K029,1200,0.0
HK_2024_K029,1400,0.0
HK_2024_K031,1400,0.1111111111111111
HK_2024_K031,1600,0.0
HK_2024_K031,1800,0.5
HK_2024_K031,2000,0.0
HK_2024_K032,1200,0.5
HK_2024_K032,1400,0.6666666666666666
HK_2024_K032,1600,0.6666666666666666
HK_2024_K033,1200,0.0
HK_2024_K033,1400,0.25
HK_2024_K033,1600,0.25
HK_2024_K033,1650,0.0
HK_2024_K035,1000,0.0
HK_2024_K035,1200,0.0
HK_2024_K035,1400,0.0
HK_2024_K035,1650,0.0
HK_2024_K037,1400,0.0
HK_2024_K037,1600,0.0
HK_2024_K037,1650,0.2
HK_2024_K037,2000,0.0
HK_2024_K038,1200,0.08333333333333333
HK_2024_K038,1400,0.0
HK_2024_K038,1650,0.0
HK_2024_K039,1200,0.0
HK_2024_K039,1400,0.3333333333333333
HK_2024_K039,1600,0.0
HK_2024_K039,1650,0.125
HK_2024_K040,1000,0.0
HK_2024_K040,1200,0.0
HK_2024_K040,1400,0.5
HK_2024_K040,1600,0.0
HK_2024_K041,1200,0.0
HK_2024_K041,1400,0.2
HK_2024_K041,1600,0.0
HK_2024_K041,1650,0.0
HK_2024_K043,1000,0.25
HK_2024_K043,1200,0.0
HK_2024_K043,1400,0.0
HK_2024_K047,1200,0.0
HK_2024_K047,1400,0.0
HK_2024_K049,1200,0.08333333333333333
HK_2024_K049,1400,0.0
HK_2024_K049,1650,0.0
HK_2024_K052,1000,0.0
HK_2024_K052,1200,0.15789473684210525
HK_2024_K054,1200,0.0
HK_2024_K054,1400,0.0
HK_2024_K054,1600,0.0
HK_2024_K054,1650,0.3333333333333333
HK_2024_K054,1800,0.0
HK_2024_K054,2000,0.0
HK_2024_K056,1000,0.0
HK_2024_K056,1200,0.11764705882352941
HK_2024_K056,1400,0.0
HK_2024_K057,1400,0.2
HK_2024_K057,1600,0.0
HK_2024_K057,1650,0.25
HK_2024_K057,1800,0.3333333333333333
HK_2024_K058,1200,0.0
HK_2024_K058,1400,0.0
HK_2024_K059,1000,0.0
HK_2024_K059,1200,0.0
HK_2024_K059,1400,0.0
HK_2024_K059,1600,0.0
HK_2024_K059,1650,0.1111111111111111
HK_2024_K059,1800,0.0
HK_2024_K059,2000,0.0
HK_2024_K061,1200,0.0
HK_2024_K061,1400,0.16666666666666666
HK_2024_K061,1600,0.0
HK_2024_K064,1200,0.14285714285714285
HK_2024_K064,1400,0.0
HK_2024_K073,1200,0.0
HK_2024_K073,1400,0.0
HK_2024_K073,1600,0.0
HK_2024_K073,1650,0.14285714285714285
HK_2024_K073,1800,0.0
HK_2024_K074,1000,0.0
HK_2024_K074,1200,0.2222222222222222
HK_2024_K074,1400,0.0
HK_2024_K074,1650,0.0
HK_2024_K076,1200,0.6
HK_2024_K076,1400,0.0
HK_2024_K076,1600,0.0
HK_2024_K076,1650,0.3333333333333333
HK_2024_K076,1800,0.0
HK_2024_K076,2000,0.0
HK_2024_K080,1000,0.0
HK_2024_K080,1200,0.07142857142857142
HK_2024_K080,1400,0.2857142857142857
HK_2024_K080,1650,0.0
HK_2024_K081,1200,0.0
HK_2024_K081,1400,0.1875
HK_2024_K081,1650,0.0
HK_2024_K082,1000,0.0
HK_2024_K082,1200,0.0
HK_2024_K082,1400,0.0
HK_2024_K082,1600,0.1111111111111111
HK_2024_K082,1800,0.0
HK_2024_K082,2000,0.0
HK_2024_K084,1200,0.0
HK_2024_K084,1400,0.0
HK_2024_K084,1600,0.0
HK_2024_K084,1650,0.15
HK_2024_K084,1800,0.0
HK_2024_K089,1200,0.0
HK_2024_K089,1400,0.0
HK_2024_K089,1650,0.0
HK_2024_K093,1200,0.0
HK_2024_K093,1400,0.0
HK_2024_K093,1600,0.0
HK_2024_K093,1650,0.16666666666666666
HK_2024_K093,1800,0.1111111111111111
HK_2024_K093,2000,0.0
HK_2024_K096,1400,0.09090909090909091
HK_2024_K096,1600,0.0
HK_2024_K096,1650,0.0
HK_2024_K097,1000,0.0
HK_2024_K097,1200,0.15
HK_2024_K098,1200,0.0
HK_2024_K098,1400,0.0
HK_2024_K098,1600,0.2
HK_2024_K098,1800,0.25
HK_2024_K098,2000,0.0
HK_2024_K098,2400,0.0
HK_2024_K099,1000,0.3333333333333333
HK_2024_K099,1200,0.0
HK_2024_K101,1000,0.0
HK_2024_K101,1200,0.0
HK_2024_K101,1400,0.16666666666666666
HK_2024_K101,1650,0.0
HK_2024_K103,1200,0.1111111111111111
HK_2024_K103,1400,0.0
HK_2024_K103,1650,0.0
HK_2024_K104,1200,0.25
HK_2024_K104,1400,0.0
HK_2024_K104,1600,0.0
HK_2024_K105,1200,0.25
HK_2024_K105,1400,0.0
HK_2024_K105,1600,0.0
HK_2024_K106,1000,0.14285714285714285
HK_2024_K106,1200,0.0
HK_2024_K107,1200,0.4
HK_2024_K107,1400,0.0
HK_2024_K109,1000,0.0
HK_2024_K109,1200,0.0
HK_2024_K111,1200,0.07692307692307693
HK_2024_K111,1400,0.25
HK_2024_K111,1650,0.0
HK_2024_K112,1200,0.0
HK_2024_K112,1400,0.0
HK_2024_K112,1600,0.0
HK_2024_K112,1650,0.0
HK_2024_K114,1200,0.0
HK_2024_K114,1400,0.25
HK_2024_K114,1600,0.2857142857142857
HK_2024_K114,1650,0.0
HK_2024_K114,1800,0.0
HK_2024_K118,1200,0.125
HK_2024_K118,1400,0.08333333333333333
HK_2024_K118,1650,0.0
HK_2024_K120,1600,0.0
HK_2024_K120,1650,0.0
HK_2024_K120,1800,0.0
HK_2024_K120,2000,0.0
HK_2024_K120,2200,0.0
HK_2024_K121,1000,0.0
HK_2024_K121,1200,0.125
HK_2024_K121,1400,0.3333333333333333
HK_2024_K122,1200,0.4
HK_2024_K122,1400,0.5
HK_2024_K122,2000,0.0
HK_2024_K125,1000,0.125
HK_2024_K125,1200,0.2
HK_2024_K126,1000,0.0
HK_2024_K126,1200,0.0
HK_2024_K126,1400,0.25
HK_2024_K126,1600,0.0
HK_2024_K126,1650,0.0
HK_2024_K129,1400,0.0
HK_2024_K129,1600,0.0
HK_2024_K129,1800,0.16666666666666666
HK_2024_K129,2000,0.42857142857142855
HK_2024_K129,2400,0.0
HK_2024_K130,1200,0.0
HK_2024_K130,1400,0.35714285714285715
HK_2024_K130,1600,0.3333333333333333
HK_2024_K130,1800,0.0
HK_2024_K131,1600,0.0
HK_2024_K131,1650,0.16666666666666666
HK_2024_K131,1800,0.2
HK_2024_K131,2000,0.0
HK_2024_K132,1200,0.05263157894736842
HK_2024_K132,1400,0.0
HK_2024_K134,1200,0.0
HK_2024_K134,1400,0.0
HK_2024_K138,1000,0.0
HK_2024_K138,1200,0.0
HK_2024_K138,1400,0.0
HK_2024_K138,1600,0.2
HK_2024_K138,1650,0.0
HK_2024_K138,1800,0.0
HK_2024_K143,1200,0.0
HK_2024_K143,1400,0.1
HK_2024_K143,1600,0.0
HK_2024_K143,1800,0.0
HK_2024_K144,1200,0.0
HK_2024_K144,1400,0.0
HK_2024_K145,1200,0.1
HK_2024_K145,1400,0.0
HK_2024_K145,1650,0.0
HK_2024_K146,1200,0.3333333333333333
HK_2024_K146,1400,0.0
HK_2024_K148,1200,0.0
HK_2024_K148,1400,0.0
HK_2024_K150,1200,0.0
HK_2024_K150,1400,0.0
HK_2024_K152,1200,0.0
HK_2024_K152,1400,0.0
HK_2024_K152,1600,0.16666666666666666
HK_2024_K154,1000,0.0
HK_2024_K154,1200,0.125
HK_2024_K154,1650,0.0
HK_2024_K155,1200,0.0
HK_2024_K155,1400,0.0
HK_2024_K155,1600,0.0
HK_2024_K155,1650,0.2
HK_2024_K155,1800,0.0
HK_2024_K155,2200,0.0
HK_2024_K156,1200,0.0
HK_2024_K156,1400,0.0
HK_2024_K156,1600,0.0
HK_2024_K156,1800,0.07142857142857142
HK_2024_K156,2000,0.2
HK_2024_K156,2200,0.0
HK_2024_K157,1000,0.0
HK_2024_K157,1200,0.16666666666666666
HK_2024_K157,1400,0.6666666666666666
HK_2024_K157,1650,0.0
HK_2024_K159,1200,0.0
HK_2024_K159,1400,0.0
HK_2024_K159,1600,0.0
HK_2024_K160,1800,0.0
HK_2024_K160,2000,0.0
HK_2024_K160,2200,0.0
HK_2024_K161,1400,0.0
HK_2024_K161,1600,0.0
HK_2024_K161,1650,0.3333333333333333
HK_2024_K161,1800,0.0
HK_2024_K161,2000,0.0
HK_2024_K162,1400,0.0
HK_2024_K162,1650,0.1
HK_2024_K165,1000,0.0
HK_2024_K165,1200,0.3333333333333333
HK_2024_K165,1400,0.0
HK_2024_K166,1200,0.0
HK_2024_K166,1400,0.0
HK_2024_K166,1600,0.0
HK_2024_K166,1800,0.0
HK_2024_K167,1200,0.0
HK_2024_K167,1400,0.0
HK_2024_K167,1600,0.0
HK_2024_K168,1200,0.25
HK_2024_K168,1400,0.2
HK_2024_K172,1400,0.08333333333333333
HK_2024_K172,1600,0.0
HK_2024_K173,1000,0.25
HK_2024_K173,1200,0.45454545454545453
HK_2024_K173,1400,0.0
HK_2024_K173,1600,0.0
HK_2024_K174,1200,0.0
HK_2024_K174,1400,0.16666666666666666
HK_2024_K174,1650,0.0
HK_2024_K175,1000,0.0
HK_2024_K176,1200,0.0
HK_2024_K176,1400,0.25
HK_2024_K176,1650,0.21428571428571427
HK_2024_K177,1200,0.0
HK_2024_K177,1400,0.0
HK_2024_K177,1600,0.0
HK_2024_K177,1650,0.0
HK_2024_K177,1800,0.0
HK_2024_K178,1200,0.0
HK_2024_K178,1400,0.0
HK_2024_K178,1650,0.0
HK_2024_K178,1800,0.3333333333333333
HK_2024_K178,2200,0.0
HK_2024_K180,1000,0.4
HK_2024_K180,1200,0.0
HK_2024_K181,1000,0.0
HK_2024_K181,1200,0.0
HK_2024_K183,1200,0.16666666666666666
HK_2024_K184,1200,0.0
HK_2024_K184,1400,0.14285714285714285
HK_2024_K184,1600,0.0
HK_2024_K184,1650,0.0
HK_2024_K184,1800,0.0
HK_2024_K186,1200,0.2857142857142857
HK_2024_K186,1400,0.0
HK_2024_K186,1600,0.0
HK_2024_K186,1650,0.0
HK_2024_K189,1000,0.0
HK_2024_K189,1200,0.1111111111111111
HK_2024_K189,1400,0.0
HK_2024_K192,1000,0.0
HK_2024_K192,1200,0.0
HK_2024_K192,1400,0.0
HK_2024_K192,1600,0.5
HK_2024_K192,1650,0.0
HK_2024_K198,1000,0.0
HK_2024_K198,1200,0.0
HK_2024_K198,1400,0.0
HK_2024_K198,1650,0.0
HK_2024_K198,1800,0.0
HK_2024_K199,1200,0.0
HK_2024_K199,1400,0.0
HK_2024_K199,1600,0.0
HK_2024_K199,1650,0.0
HK_2024_K201,1200,0.25
HK_2024_K201,1400,0.0
HK_2024_K201,1600,0.0
HK_2024_K201,1800,0.0
HK_2024_K202,1000,0.0
HK_2024_K202,1200,0.0
HK_2024_K203,1200,0.0
HK_2024_K203,1400,0.0
HK_2024_K203,1600,0.1
HK_2024_K203,1650,0.0
HK_2024_K203,1800,0.0
HK_2024_K204,1200,0.2
HK_2024_K204,1400,0.0
HK_2024_K204,1650,0.0
HK_2024_K205,1400,0.0
HK_2024_K205,1600,0.0
HK_2024_K205,2000,0.0
HK_2024_K206,1800,0.0
HK_2024_K206,2200,0.0
HK_2024_K209,1200,0.125
HK_2024_K209,1400,0.0
HK_2024_K209,1650,0.0
HK_2024_K211,1200,0.0
HK_2024_K211,1400,0.0
HK_2024_K211,1650,0.0
HK_2024_K215,1200,0.0
HK_2024_K215,1400,0.0
HK_2024_K215,1650,0.0
HK_2024_K216,1000,0.0
HK_2024_K216,1200,0.0
HK_2024_K216,1400,0.0
HK_2024_K216,1600,0.0
HK_2024_K216,1650,0.0
HK_2024_K217,1000,0.0
HK_2024_K217,1200,0.0
HK_2024_K217,1650,0.0
HK_2024_K218,1200,0.5
HK_2024_K223,1400,0.0
HK_2024_K223,1600,0.0
HK_2024_K223,1650,0.125
HK_2024_K223,1800,0.0
HK_2024_K226,1200,0.0
HK_2024_K226,1400,0.0
HK_2024_K226,1600,0.0
HK_2024_K226,1650,0.6
HK_2024_K226,1800,0.0
HK_2024_K226,2200,0.0
HK_2024_K227,1000,0.4
HK_2024_K227,1200,0.0
HK_2024_K228,1000,0.0
HK_2024_K228,1200,0.0
HK_2024_K228,1400,0.0
HK_2024_K229,1200,0.05263157894736842
HK_2024_K229,1400,0.0
HK_2024_K230,1200,0.0
HK_2024_K230,1400,0.0
HK_2024_K230,1600,0.0
HK_2024_K230,1650,0.0
HK_2024_K231,1000,0.0
HK_2024_K231,1200,0.0
HK_2024_K231,1400,0.07142857142857142
HK_2024_K231,1650,0.0
HK_2024_K234,1000,0.0
HK_2024_K234,1200,0.15384615384615385
HK_2024_K234,1400,0.16666666666666666
HK_2024_K234,1600,0.0
HK_2024_K234,1800,0.0
HK_2024_K235,1000,0.3333333333333333
HK_2024_K235,1200,0.2
HK_2024_K236,1200,0.3333333333333333
HK_2024_K237,1200,0.25
HK_2024_K237,1400,0.0
HK_2024_K238,1200,0.2857142857142857
HK_2024_K238,1400,0.5
HK_2024_K239,1000,0.0
HK_2024_K239,1200,0.0
HK_2024_K239,1400,0.1
HK_2024_K240,1000,0.0
HK_2024_K240,1200,0.0
HK_2024_K240,1400,0.0
HK_2024_K245,1200,0.0
HK_2024_K245,1400,0.18181818181818182
HK_2024_K246,1200,0.6
HK_2024_K246,1400,0.6
HK_2024_K246,1600,0.5
HK_2024_K246,1800,0.0
HK_2024_K246,2000,0.0
HK_2024_K249,1000,0.0
HK_2024_K249,1200,0.38461538461538464
HK_2024_K250,1200,0.0
HK_2024_K250,1400,0.0
HK_2024_K252,1600,0.0
HK_2024_K252,1800,0.0
HK_2024_K252,2000,0.125
HK_2024_K252,2200,0.0
HK_2024_K253,1000,0.0
HK_2024_K253,1200,0.0
HK_2024_K253,1400,0.0
HK_2024_K253,1650,0.0
HK_2024_K254,1600,0.0
HK_2024_K254,1650,0.0
HK_2024_K254,1800,0.0
HK_2024_K254,2000,0.2
HK_2024_K255,1000,0.0
HK_2024_K255,1200,0.0625
HK_2024_K255,1400,0.0
HK_2024_K256,1400,0.0
HK_2024_K256,1600,0.0
HK_2024_K256,1800,0.0
HK_2024_K258,1200,0.3
HK_2024_K258,1400,0.0
HK_2024_K258,1600,0.0
HK_2024_K258,1650,0.0
HK_2024_K258,2000,0.0
HK_2024_K259,1000,0.0
HK_2024_K259,1200,0.0
HK_2024_K259,1400,0.0
HK_2024_K259,1650,0.0
HK_2024_K260,1200,0.0
HK_2024_K260,1400,0.0
HK_2024_K260,1600,0.5
HK_2024_K260,1650,0.0
HK_2024_K260,1800,0.0
HK_2024_K261,1000,0.0
HK_2024_K261,1200,0.0
HK_2024_K261,1400,0.0
HK_2024_K261,1650,0.0
HK_2024_K263,1000,0.0
HK_2024_K263,1200,0.0
HK_2024_K263,1400,0.0
HK_2024_K263,1650,0.0
HK_2024_K264,1200,0.07692307692307693
HK_2024_K264,1650,0.0
HK_2024_K265,1200,0.0
HK_2024_K265,1400,0.0
HK_2024_K265,1600,0.0
HK_2024_K265,1650,0.0
HK_2024_K265,1800,0.0
HK_2024_K266,1000,0.0
HK_2024_K266,1200,0.1111111111111111
HK_2024_K266,1400,0.0
HK_2024_K271,1200,0.1111111111111111
HK_2024_K271,1400,0.0
HK_2024_K275,1200,0.07692307692307693
HK_2024_K275,1400,0.0
HK_2024_K275,1650,0.0
HK_2024_K276,1000,0.0
HK_2024_K276,1200,0.0
HK_2024_K277,1000,0.0
HK_2024_K277,1200,0.09090909090909091
HK_2024_K277,1400,0.0
HK_2024_K278,1400,0.0
HK_2024_K279,1000,0.0
HK_2024_K279,1200,0.0
HK_2024_K280,1200,0.0
HK_2024_K280,1400,0.0
HK_2024_K280,1600,0.0
HK_2024_K280,1800,0.0
HK_2024_K282,1000,0.0
HK_2024_K282,1200,0.0
HK_2024_K282,1400,0.0
HK_2024_K282,1650,0.0
HK_2024_K283,1000,0.0
HK_2024_K283,1200,0.16666666666666666
HK_2024_K284,1000,0.1111111111111111
HK_2024_K284,1200,0.0
HK_2024_K285,1200,0.0
HK_2024_K285,1400,0.0
HK_2024_K285,1600,0.0
HK_2024_K285,2000,0.0
HK_2024_K286,1400,0.0
HK_2024_K286,1600,0.0
HK_2024_K286,1650,0.0
HK_2024_K286,1800,0.0
HK_2024_K287,1200,0.0
HK_2024_K287,1400,0.0
HK_2024_K290,1200,0.0
HK_2024_K290,1400,0.0
HK_2024_K290,1650,0.2
HK_2024_K290,1800,0.0
HK_2024_K290,2000,0.0
HK_2024_K293,1000,0.4
HK_2024_K293,1200,0.0
HK_2024_K294,1000,0.0
HK_2024_K294,1200,0.14285714285714285
HK_2024_K294,1400,0.125
HK_2024_K295,1000,0.0
HK_2024_K295,1200,0.0
HK_2024_K296,1200,0.0
HK_2024_K296,1400,1.0
HK_2024_K296,1600,0.5
HK_2024_K296,1800,0.0
HK_2024_K296,2000,1.0
HK_2024_K297,1200,0.1111111111111111
HK_2024_K297,1400,0.0
HK_2024_K298,1200,0.0
HK_2024_K298,1400,0.5
HK_2024_K298,1600,0.3333333333333333
HK_2024_K298,1650,0.0
HK_2024_K298,1800,0.0
HK_2024_K298,2000,0.0
HK_2024_K300,1200,0.0
HK_2024_K300,1400,0.0
HK_2024_K300,1600,0.0
HK_2024_K300,1800,0.5
HK_2024_K300,2000,0.0
HK_2024_K301,1200,0.0
HK_2024_K302,1200,0.25
HK_2024_K305,1200,0.0
HK_2024_K305,1400,0.0
HK_2024_K305,1600,0.5
HK_2024_K305,1650,0.0
HK_2024_K306,1200,0.0
HK_2024_K306,1400,0.0
HK_2024_K306,1600,0.0
HK_2024_K306,1650,0.14285714285714285
HK_2024_K306,1800,0.2
HK_2024_K306,2200,0.0
HK_2024_K307,1200,0.0
HK_2024_K307,1400,0.14285714285714285
HK_2024_K307,1600,0.2
HK_2024_K307,1800,0.0
HK_2024_K308,1200,0.0
HK_2024_K308,1400,0.0
HK_2024_K308,1650,0.0
HK_2024_K310,1000,0.08333333333333333
HK_2024_K310,1200,0.0
HK_2024_K311,1200,0.0
HK_2024_K311,1400,0.0
HK_2024_K312,1200,0.0
HK_2024_K312,1400,0.2
HK_2024_K312,1600,0.0
HK_2024_K313,1400,0.0
HK_2024_K313,1600,0.1111111111111111
HK_2024_K313,1650,1.0
HK_2024_K313,1800,0.0
HK_2024_K313,2000,0.0
HK_2024_K314,1200,0.0
HK_2024_K314,1400,1.0
HK_2024_K314,1600,0.0
HK_2024_K314,1650,0.0
HK_2024_K314,1800,0.0
HK_2024_K315,1000,0.0
HK_2024_K315,1200,0.0
HK_2024_K318,1000,0.0
HK_2024_K318,1200,0.0
HK_2024_K318,1400,0.2
HK_2024_K319,1200,0.0
HK_2024_K319,1400,0.0
HK_2024_K319,1600,0.0
HK_2024_K319,1650,0.2
HK_2024_K319,1800,0.0
HK_2024_K320,1000,0.0
HK_2024_K320,1200,0.07142857142857142
HK_2024_K321,1200,0.1111111111111111
HK_2024_K321,1400,0.0
HK_2024_K322,1200,0.09090909090909091
HK_2024_K323,1000,0.0
HK_2024_K323,1200,0.0
HK_2024_K323,1400,0.0
HK_2024_K323,1600,0.0
HK_2024_K323,1650,0.0
HK_2024_K325,1200,0.18181818181818182
HK_2024_K325,1400,0.0
HK_2024_K326,1000,0.0
HK_2024_K326,1200,0.0
HK_2024_K327,1200,0.0
HK_2024_K327,1400,0.0
HK_2024_K327,1600,0.16666666666666666
HK_2024_K327,1800,0.0
HK_2024_K329,1200,0.0
HK_2024_K329,1400,0.0
HK_2024_K330,1000,0.0
HK_2024_K330,1200,0.0
HK_2024_K330,1400,0.0
HK_2024_K332,1000,0.0
HK_2024_K332,1200,0.0
HK_2024_K332,1400,0.0
HK_2024_K333,1200,0.2
HK_2024_K333,1650,0.0
HK_2024_K334,1200,0.125
HK_2024_K334,1400,0.0
HK_2024_K336,1400,0.0
HK_2024_K336,1650,0.0
HK_2024_K336,1800,0.0
HK_2024_K339,1200,0.0
HK_2024_K339,1400,0.4
HK_2024_K339,1650,0.0
HK_2024_K340,1000,0.2222222222222222
HK_2024_K340,1200,0.2
HK_2024_K341,1000,0.0
HK_2024_K341,1200,0.0
HK_2024_K341,1400,0.0
HK_2024_K341,1600,0.2857142857142857
HK_2024_K341,1800,0.0
HK_2024_K342,1000,1.0
HK_2024_K342,1200,0.07692307692307693
HK_2024_K342,1400,0.0
HK_2024_K343,1000,0.0
HK_2024_K343,1200,0.0
HK_2024_K343,1400,0.0
HK_2024_K343,1600,0.0
HK_2024_K343,1650,0.0
HK_2024_K344,1200,0.0
HK_2024_K344,1400,0.0
HK_2024_K344,1600,0.0
HK_2024_K344,1650,0.0
HK_2024_K344,1800,0.0
HK_2024_K347,1200,0.0
HK_2024_K347,1400,0.0
HK_2024_K347,1650,0.6666666666666666
HK_2024_K350,1200,0.0
HK_2024_K350,1400,0.5714285714285714
HK_2024_K350,1600,0.0
HK_2024_K351,1000,0.0
HK_2024_K351,1600,0.0
HK_2024_K351,1650,0.0
HK_2024_K351,1800,0.0
HK_2024_K351,2000,0.0
HK_2024_K352,1200,0.06666666666666667
HK_2024_K353,1200,0.0
HK_2024_K353,1400,0.0
HK_2024_K354,1200,0.0
HK_2024_K354,1400,0.0
HK_2024_K355,1200,0.0
HK_2024_K355,1400,0.0
HK_2024_K355,1600,0.0
HK_2024_K355,1650,0.5
HK_2024_K356,1200,0.0
HK_2024_K356,1600,0.0
HK_2024_K356,1650,0.4
HK_2024_K356,2000,0.0
HK_2024_K357,1600,0.0
HK_2024_K357,1650,0.0
HK_2024_K358,1200,0.0
HK_2024_K358,1400,0.0
HK_2024_K358,1650,0.0
HK_2024_K362,1200,0.0
HK_2024_K362,1400,0.0
HK_2024_K362,1650,0.0
HK_2024_K363,1000,0.0
HK_2024_K363,1200,0.09090909090909091
HK_2024_K364,1200,0.1111111111111111
HK_2024_K364,1400,0.0
HK_2024_K364,1600,0.0
HK_2024_K364,1650,0.0
HK_2024_K365,1000,0.0
HK_2024_K365,1200,0.1111111111111111
HK_2024_K365,1400,0.0
HK_2024_K367,1200,0.1111111111111111
HK_2024_K367,1400,0.0
HK_2024_K367,1600,0.0
HK_2024_K367,1650,0.0
HK_2024_K368,1600,0.0
HK_2024_K368,1650,0.2
HK_2024_K369,1200,0.14285714285714285
HK_2024_K369,1400,0.0
HK_2024_K369,1600,0.0
HK_2024_K369,1650,0.0
HK_2024_K369,1800,0.0
HK_2024_K370,1200,0.0
HK_2024_K370,1400,0.125
HK_2024_K370,1600,0.25
HK_2024_K374,1000,0.0
HK_2024_K374,1200,0.0
HK_2024_K374,1400,0.0
HK_2024_K374,1600,0.0
HK_2024_K374,1650,0.0
HK_2024_K374,1800,1.0
HK_2024_K376,1200,0.0
HK_2024_K376,1400,0.0
HK_2024_K376,1600,0.0
HK_2024_K377,1000,0.125
HK_2024_K377,1200,0.0
HK_2024_K377,1400,0.0
HK_2024_K379,1000,0.0
HK_2024_K379,1200,0.16666666666666666
HK_2024_K381,1200,0.0
HK_2024_K381,1400,0.0
HK_2024_K381,1600,0.0
HK_2024_K381,1650,0.2222222222222222
HK_2024_K381,1800,0.0
HK_2024_K382,1000,0.0
HK_2024_K382,1200,0.0
HK_2024_K382,1400,0.1111111111111111
HK_2024_K382,1600,0.0
HK_2024_K382,1650,0.125
HK_2024_K383,1200,0.0
HK_2024_K383,1400,0.0
HK_2024_K383,1650,0.0
HK_2024_K385,1400,0.0
HK_2024_K385,1600,0.0
HK_2024_K385,1800,0.0
HK_2024_K385,2000,0.42857142857142855
HK_2024_K385,2400,0.0
HK_2024_K386,1200,0.0
HK_2024_K386,1400,0.0
HK_2024_K386,1650,0.0
HK_2024_K387,1400,0.0
HK_2024_K387,1600,0.0
HK_2024_K387,1650,0.0
HK_2024_K387,1800,0.0
HK_2024_K387,2000,0.0
HK_2024_K389,1200,0.0
HK_2024_K389,1400,0.0
HK_2024_K390,1000,0.0
HK_2024_K390,1200,0.0
HK_2024_K390,1650,0.0
HK_2024_K391,1000,0.0
HK_2024_K391,1200,0.08333333333333333
HK_2024_K392,1000,0.14285714285714285
HK_2024_K392,1200,0.0
HK_2024_K394,1000,0.0
HK_2024_K394,1200,0.0
HK_2024_K394,1400,0.0
HK_2024_K394,1600,0.0
HK_2024_K395,1200,0.0
HK_2024_K395,1400,0.0
HK_2024_K395,1600,0.0
HK_2024_K395,1650,0.0
HK_2024_K395,1800,0.25
HK_2024_K396,1200,0.0
HK_2024_K396,1400,0.0
HK_2024_K396,1650,0.0
HK_2024_K397,1400,0.0
HK_2024_K397,1650,0.0
HK_2024_K397,1800,0.0
HK_2024_K397,2000,0.0
HK_2024_K397,2200,0.0
HK_2024_K398,1200,0.0
HK_2024_K398,1400,0.0
HK_2024_K398,1600,0.25
HK_2024_K398,1650,1.0
HK_2024_K398,1800,0.0
HK_2024_K399,1000,0.0
HK_2024_K399,1200,0.0
HK_2024_K399,1400,0.0
HK_2024_K399,1650,0.0
HK_2024_K400,1200,0.2
HK_2024_K400,1400,0.2
HK_2024_K400,1600,0.0
HK_2024_K402,1000,0.0
HK_2024_K402,1200,0.0
HK_2024_K402,1400,0.0
HK_2024_K403,1000,0.0
HK_2024_K403,1200,0.25
HK_2024_K405,1000,0.0
HK_2024_K405,1200,0.15384615384615385
HK_2024_K405,1400,0.0
HK_2024_K406,1000,0.0
HK_2024_K406,1200,0.14285714285714285
HK_2024_K406,1400,0.0
HK_2024_K406,1650,0.5
HK_2024_K407,1000,0.0
HK_2024_K407,1200,0.0
HK_2024_K407,1400,0.0
HK_2024_K408,1000,0.07142857142857142
HK_2024_K408,1200,0.2
HK_2024_K409,1200,0.0
HK_2024_K409,1400,0.0
HK_2024_K410,1200,0.0
HK_2024_K410,1400,0.0
HK_2024_K411,1000,0.14285714285714285
HK_2024_K411,1200,0.3333333333333333
HK_2024_K413,1200,0.0
HK_2024_K415,1400,0.0
HK_2024_K415,1800,0.0
HK_2024_K415,2000,0.0
HK_2024_K415,2200,0.0
HK_2024_K416,1200,0.25
HK_2024_K416,1400,0.0
HK_2024_K416,1650,0.25
HK_2024_K417,1200,0.0
HK_2024_K423,1000,0.0
HK_2024_K423,1200,0.0
HK_2024_K423,1400,0.0
HK_2024_K426,1400,0.0
HK_2024_K428,1400,0.0
HK_2024_K428,1600,0.0
HK_2024_K428,1650,0.0
HK_2024_K428,1800,0.0
HK_2024_K428,2000,0.0
HK_2024_K429,1000,0.0
HK_2024_K429,1200,0.08333333333333333
HK_2024_K429,1400,0.0
HK_2024_K431,1000,0.0
HK_2024_K431,1200,0.08333333333333333
HK_2024_K431,1400,0.0
HK_2024_K434,1000,0.0
HK_2024_K434,1200,0.25
HK_2024_K435,1200,0.0
HK_2024_K435,1400,0.0
HK_2024_K435,1600,0.0
HK_2024_K435,1650,0.0
HK_2024_K436,1000,0.4
HK_2024_K436,1200,0.0
HK_2024_K438,1200,0.0
HK_2024_K438,1400,0.3
HK_2024_K441,1200,0.0
HK_2024_K443,1400,0.0
HK_2024_K443,1600,0.0
HK_2024_K443,1650,0.0
HK_2024_K444,1600,0.0
HK_2024_K444,1650,0.14285714285714285
HK_2024_K444,1800,0.0
HK_2024_K445,1400,0.0
HK_2024_K447,1200,0.0
HK_2024_K451,1000,0.0
HK_2024_K451,1200,0.3333333333333333
HK_2024_K453,1400,0.2857142857142857
HK_2024_K456,1000,0.0
HK_2024_K456,1200,0.0
HK_2024_K456,1400,0.0
HK_2024_K457,1200,0.0
HK_2024_K457,1400,0.0
HK_2024_K457,1600,0.0
HK_2024_K457,1650,0.0
HK_2024_K457,1800,0.0
HK_2024_K457,2000,0.0
HK_2024_K458,1650,0.0
HK_2024_K458,1800,0.0
HK_2024_K458,2000,0.3333333333333333
HK_2024_K458,2200,1.0
HK_2024_K460,1000,0.0
HK_2024_K460,1200,0.0
HK_2024_K462,1200,0.0
HK_2024_K462,1400,0.0
HK_2024_K464,1200,0.0
HK_2024_K464,1400,0.0
HK_2024_K464,1650,0.0
HK_2024_K467,1200,0.0
HK_2024_K467,1400,0.0
HK_2024_K468,1000,0.09090909090909091
HK_2024_K468,1200,0.0
HK_2024_K469,1000,0.0
HK_2024_K469,1200,0.25
HK_2024_K473,1400,0.0
HK_2024_K473,1650,0.0
HK_2024_K474,1000,0.0
HK_2024_K474,1400,0.3333333333333333
HK_2024_K474,1600,0.25
HK_2024_K474,1650,0.0
HK_2024_K474,1800,0.0
HK_2024_K474,2000,0.0
HK_2024_K475,1200,0.0
HK_2024_K475,1600,0.0
HK_2024_K476,1000,0.0
HK_2024_K476,1200,0.0
HK_2024_K476,1400,0.0
HK_2024_K477,1400,0.0
HK_2024_K477,1600,0.0
HK_2024_K478,1000,0.0
HK_2024_K478,1200,0.0
HK_2024_K478,1400,0.0
HK_2024_K478,1600,0.3333333333333333
HK_2024_K478,1800,1.0
HK_2024_K478,2000,0.0
HK_2024_K479,1000,0.0
HK_2024_K479,1200,0.0
HK_2024_K480,1000,0.0
HK_2024_K480,1200,0.09090909090909091
HK_2024_K480,1400,0.16666666666666666
HK_2024_K481,1000,0.0
HK_2024_K481,1200,0.0
HK_2024_K481,1400,0.3333333333333333
HK_2024_K481,1600,0.0
HK_2024_K484,1200,0.0
HK_2024_K484,1400,0.2
HK_2024_K484,1600,0.0
HK_2024_K485,1000,0.25
HK_2024_K485,1200,0.2
HK_2024_K487,1200,0.0
HK_2024_K487,1400,0.16666666666666666
HK_2024_K488,1200,0.0
HK_2024_K489,1200,0.0
HK_2024_K489,1400,0.2222222222222222
HK_2024_K489,1600,0.5
HK_2024_K490,1200,0.0
HK_2024_K490,1400,0.0
HK_2024_K490,1600,0.0
HK_2024_K490,1650,0.0
HK_2024_K491,1200,0.0
HK_2024_K491,1400,0.25
HK_2024_K491,1600,0.16666666666666666
HK_2024_K491,1800,0.0
HK_2024_K491,2000,0.0
HK_2024_K494,1000,0.0
HK_2024_K494,1200,0.0
HK_2024_K494,1400,0.0
HK_2024_K494,1600,0.0
HK_2024_K494,1650,0.2
HK_2024_K494,1800,0.0
HK_2024_K498,1200,0.0
HK_2024_K498,1400,0.0
HK_2024_K498,1600,0.3333333333333333
HK_2024_K499,1400,0.0
HK_2024_K500,1200,0.0
HK_2024_K500,1400,0.0
HK_2024_K500,1600,0.0
HK_2024_K500,1800,0.0
HK_2024_K500,2200,0.0
HK_2024_K502,1200,0.0
HK_2024_K502,1400,0.0
HK_2024_K502,1600,0.0
HK_2024_K502,1800,0.0
HK_2024_K503,1200,0.0
HK_2024_K503,1400,0.0
HK_2024_K506,1200,0.0
HK_2024_K507,1600,0.3333333333333333
HK_2024_K507,1650,0.0
HK_2024_K507,1800,0.0
HK_2024_K507,2000,0.0
HK_2024_K511,1200,0.0
HK_2024_K511,1400,0.0
HK_2024_K511,1600,0.0
HK_2024_K511,1650,0.3333333333333333
HK_2024_K512,1000,0.0
HK_2024_K512,1200,0.0
HK_2024_K514,1200,0.2857142857142857
HK_2024_K514,1400,0.0
HK_2024_K514,1600,0.0
HK_2024_K516,1200,0.0
HK_2024_K516,1400,0.0
HK_2024_K517,1200,0.0
HK_2024_K517,1400,0.0
HK_2024_K519,1200,0.0
HK_2024_K519,1400,0.0
HK_2024_K522,1200,0.0
HK_2024_K523,1000,0.0
HK_2024_K523,1200,0.0
HK_2024_K523,1400,0.0
HK_2024_K524,1400,0.0
HK_2024_K524,1650,0.0
HK_2024_K524,1800,0.0
HK_2024_K526,1400,0.0
HK_2024_K526,1600,0.0
HK_2024_K526,2000,0.0
HK_2024_K527,1200,0.0
HK_2024_K529,1000,0.375
HK_2024_K529,1200,0.0
HK_2024_K532,1200,0.0
HK_2024_K532,1400,0.0
HK_2024_K533,1000,0.75
HK_2024_K533,1200,0.14285714285714285
HK_2024_K534,1200,0.16666666666666666
HK_2024_K534,1400,0.0
HK_2024_K534,1600,0.0
HK_2024_K536,1200,0.0
HK_2024_K536,1400,0.0
HK_2024_K536,1600,0.0
HK_2024_K536,1650,0.0
HK_2024_K536,1800,0.0
HK_2024_K540,1200,0.0
HK_2024_K540,1400,0.0
HK_2024_K542,1200,0.2
HK_2024_K544,1200,0.0
HK_2024_K544,1650,0.0
HK_2024_K545,1200,0.14285714285714285
HK_2024_K546,1200,0.0
HK_2024_K547,1200,0.0
HK_2024_K547,1400,0.0
HK_2024_K547,1600,0.0
HK_2024_K547,1800,1.0
HK_2024_K550,1200,0.3333333333333333
HK_2024_K550,1400,0.0
HK_2024_K550,1600,0.0
HK_2024_K550,1650,0.0
HK_2024_K552,1000,0.1111111111111111
HK_2024_K552,1200,0.0
HK_2024_K553,1200,0.25
HK_2024_K553,1400,0.0
HK_2024_K554,1200,0.0
HK_2024_K554,1400,0.6666666666666666
HK_2024_K554,1600,0.2
HK_2024_K556,1000,0.0
HK_2024_K559,1200,0.0
HK_2024_K559,1400,0.2
HK_2024_K559,1600,0.0
HK_2024_K562,1200,0.0
HK_2024_K562,1400,0.0
HK_2024_K562,1600,0.5
HK_2024_K562,1800,1.0
HK_2024_K564,1200,0.0
HK_2024_K564,1600,0.0
HK_2024_K564,1800,0.0
HK_2024_K564,2000,0.3333333333333333
HK_2024_K565,1200,0.0
HK_2024_K565,1400,0.0
HK_2024_K566,1200,0.0
HK_2024_K566,1400,0.0
HK_2024_K566,1600,0.0
HK_2024_K566,1650,0.6
HK_2024_K566,1800,0.0
HK_2024_K569,1200,0.0
HK_2024_K569,1400,0.0
HK_2024_K570,1200,0.2857142857142857
HK_2024_K570,1400,0.0
HK_2024_K571,1200,0.25
HK_2024_K571,1400,0.0
HK_2024_K572,1200,0.0
HK_2024_K574,1200,0.25
HK_2024_K575,1000,0.0
HK_2024_K575,1200,0.0
HK_2024_K577,1650,0.0
HK_2024_K577,1800,0.0
HK_2024_K577,2000,0.0
HK_2024_K579,1000,0.0
HK_2024_K579,1200,0.0
HK_2024_K579,1400,0.0
HK_2024_K580,1400,0.0
HK_2024_K580,1600,0.0
HK_2024_K580,1650,0.25
HK_2024_K582,1000,0.5
HK_2024_K582,1200,0.0
HK_2024_K582,1400,0.25
HK_2024_K583,1200,0.8
HK_2024_K585,1200,0.5
HK_2024_K585,1400,0.75
HK_2024_K586,1000,0.0
HK_2024_K586,1200,0.2
HK_2024_K586,1400,0.0
HK_2025_L001,1200,0.0
HK_2025_L003,1000,0.2857142857142857
HK_2025_L003,1200,0.5
HK_2025_L004,1000,0.0
HK_2025_L004,1200,0.42857142857142855
HK_2025_L005,1200,0.0
HK_2025_L005,1400,0.0
HK_2025_L005,1650,0.0
HK_2025_L007,1000,0.0
HK_2025_L007,1200,0.0
HK_2025_L008,1200,0.0
HK_2025_L009,1200,0.0
HK_2025_L009,1400,0.0
HK_2025_L009,1650,0.0
HK_2025_L012,1000,0.0
HK_2025_L012,1200,0.0
HK_2025_L013,1000,0.5
HK_2025_L013,1200,0.25
HK_2025_L013,1400,0.0
HK_2025_L014,1200,0.42857142857142855
HK_2025_L014,1400,0.0
HK_2025_L016,1200,0.3333333333333333
HK_2025_L016,1400,0.0
HK_2025_L019,1000,0.4
HK_2025_L019,1200,0.0
HK_2025_L020,1200,0.2857142857142857
HK_2025_L020,1400,0.0
HK_2025_L021,1000,0.0
HK_2025_L021,1200,0.0
HK_2025_L021,1400,0.0
HK_2025_L022,1200,0.14285714285714285
HK_2025_L022,1400,0.0
HK_2025_L023,1200,0.4
HK_2025_L024,1200,0.0
HK_2025_L024,1400,0.2
HK_2025_L024,1600,0.0
HK_2025_L026,1200,0.0
HK_2025_L026,1400,0.0
HK_2025_L027,1400,0.0
HK_2025_L027,1600,0.0
HK_2025_L027,1650,0.0
HK_2025_L028,1200,0.3333333333333333
HK_2025_L028,1400,0.0
HK_2025_L029,1200,0.0
HK_2025_L029,1400,0.0
HK_2025_L030,1200,0.0
HK_2025_L030,1400,0.0
HK_2025_L031,1000,0.0
HK_2025_L031,1200,0.0
HK_2025_L031,1400,0.0
HK_2025_L031,1650,0.5
HK_2025_L032,1400,0.0
HK_2025_L032,1600,0.0
HK_2025_L032,1650,0.3333333333333333
HK_2025_L033,1200,0.14285714285714285
HK_2025_L033,1400,0.0
HK_2025_L034,1000,0.0
HK_2025_L034,1200,0.0
HK_2025_L035,1200,0.0
HK_2025_L035,1400,0.0
HK_2025_L035,1600,0.0
HK_2025_L036,1000,0.0
HK_2025_L036,1200,0.0
HK_2025_L037,1400,0.0
HK_2025_L037,1600,0.0
HK_2025_L037,1650,0.5
HK_2025_L039,1400,0.0
HK_2025_L039,1650,0.14285714285714285
HK_2025_L040,1200,0.5
HK_2025_L041,1000,0.0
HK_2025_L041,1200,0.0
HK_2025_L041,1600,0.0
HK_2025_L043,1000,0.0
HK_2025_L043,1200,0.0
HK_2025_L044,1200,0.0
HK_2025_L044,1400,0.0
HK_2025_L044,1600,0.2
HK_2025_L044,1650,0.0
HK_2025_L045,1200,0.0
HK_2025_L045,1400,0.0
HK_2025_L045,1600,0.0
HK_2025_L046,1200,0.0
HK_2025_L046,1400,0.0
HK_2025_L046,1600,0.0
HK_2025_L046,1650,0.0
HK_2025_L047,1200,0.0
HK_2025_L047,1400,0.0
HK_2025_L047,1650,0.0
HK_2025_L048,1200,0.0
HK_2025_L048,1400,0.0
HK_2025_L048,1650,0.0
HK_2025_L049,1200,0.0
HK_2025_L049,1400,0.0
HK_2025_L050,1000,0.0
HK_2025_L050,1200,0.0
HK_2025_L051,1000,0.0
HK_2025_L051,1200,0.0
HK_2025_L052,1000,0.2857142857142857
HK_2025_L052,1200,0.0
HK_2025_L053,1200,0.0
HK_2025_L053,1600,0.0
HK_2025_L054,1400,0.0
HK_2025_L054,1600,0.0
HK_2025_L054,1650,0.0
HK_2025_L056,1200,0.0
HK_2025_L056,1400,0.0
HK_2025_L057,1200,0.0
HK_2025_L057,1400,0.0
HK_2025_L057,1650,0.3333333333333333
HK_2025_L057,1800,0.0
HK_2025_L059,1200,0.0
HK_2025_L059,1400,0.0
HK_2025_L060,1200,0.0
HK_2025_L060,1400,0.0
HK_2025_L061,1200,0.0
HK_2025_L062,1200,0.0
HK_2025_L062,1400,0.0
HK_2025_L063,1000,0.0
HK_2025_L063,1200,0.0
HK_2025_L064,1200,0.0
HK_2025_L065,1000,0.0
HK_2025_L065,1200,0.0
HK_2025_L065,1400,0.0
HK_2025_L065,1650,0.25
HK_2025_L066,1200,0.0
HK_2025_L066,1400,0.0
HK_2025_L067,1000,0.0
HK_2025_L067,1200,0.0
HK_2025_L068,1200,0.1111111111111111
HK_2025_L069,1000,0.0
HK_2025_L069,1200,0.0
HK_2025_L070,1000,0.0
HK_2025_L072,1000,0.0
HK_2025_L072,1200,0.0
HK_2025_L072,1400,0.0
HK_2025_L073,1000,0.0
HK_2025_L073,1200,0.0
HK_2025_L073,1400,0.0
HK_2025_L073,1600,0.0
HK_2025_L074,1000,0.0
HK_2025_L074,1200,0.1
HK_2025_L074,1400,0.0
HK_2025_L075,1000,0.0
HK_2025_L075,1200,0.125
HK_2025_L076,1200,0.0
HK_2025_L076,1400,0.0
HK_2025_L076,1600,0.0
HK_2025_L077,1200,0.0
HK_2025_L077,1400,0.0
HK_2025_L078,1000,0.0
HK_2025_L078,1200,0.0
HK_2025_L079,1200,0.0
HK_2025_L079,1400,0.0
HK_2025_L079,1650,0.0
HK_2025_L080,1800,0.3333333333333333
HK_2025_L080,2000,0.3333333333333333
HK_2025_L080,2400,0.0
HK_2025_L081,1200,0.0
HK_2025_L082,1000,0.0
HK_2025_L082,1200,0.0
HK_2025_L082,1400,0.0
HK_2025_L083,1000,0.0
HK_2025_L083,1200,0.14285714285714285
HK_2025_L085,1200,0.0
HK_2025_L085,1400,0.0
HK_2025_L086,1000,0.0
HK_2025_L086,1400,0.0
HK_2025_L087,1200,0.0
HK_2025_L087,1400,0.0
HK_2025_L087,1600,0.0
HK_2025_L087,1650,0.0
HK_2025_L090,1000,0.0
HK_2025_L090,1200,0.0
HK_2025_L091,1200,0.0
HK_2025_L091,1400,0.0
HK_2025_L093,1200,0.0
HK_2025_L093,1600,0.0
HK_2025_L093,1650,0.0
HK_2025_L093,1800,0.0
HK_2025_L094,1200,0.2
HK_2025_L094,1400,0.0
HK_2025_L094,1600,0.0
HK_2025_L094,1650,0.0
HK_2025_L096,1000,0.0
HK_2025_L096,1200,0.4
HK_2025_L096,1400,0.0
HK_2025_L096,1600,0.0
HK_2025_L097,1400,0.0
HK_2025_L097,1600,0.0
HK_2025_L097,1650,0.25
HK_2025_L097,1800,0.0
HK_2025_L097,2000,0.0
HK_2025_L098,1000,0.25
HK_2025_L098,1200,0.0
HK_2025_L099,1000,1.0
HK_2025_L099,1200,0.2857142857142857
HK_2025_L100,1200,0.0
HK_2025_L100,1400,0.0
HK_2025_L101,1000,0.0
HK_2025_L101,1200,0.0
HK_2025_L102,1200,0.0
HK_2025_L102,1650,0.2857142857142857
HK_2025_L104,1200,0.0
HK_2025_L105,1000,0.25
HK_2025_L105,1200,0.0
HK_2025_L106,1200,0.3333333333333333
HK_2025_L106,1400,0.0
HK_2025_L107,1600,0.0
HK_2025_L107,1800,0.0
HK_2025_L107,2000,0.3333333333333333
HK_2025_L108,1600,0.0
HK_2025_L108,1800,0.0
HK_2025_L108,2000,0.0
HK_2025_L109,1400,0.0
HK_2025_L109,1600,0.0
HK_2025_L109,1650,0.0
HK_2025_L109,1800,0.0
HK_2025_L110,1650,0.5
HK_2025_L110,1800,0.5
HK_2025_L110,2000,0.0
HK_2025_L111,1400,0.0
HK_2025_L111,1600,0.0
HK_2025_L111,1800,0.0
HK_2025_L112,1600,0.5
HK_2025_L112,1650,0.0
HK_2025_L112,1800,0.0
HK_2025_L112,2000,0.0
HK_2025_L115,1000,0.0
HK_2025_L115,1200,0.0
HK_2025_L116,1200,0.0
HK_2025_L116,1400,0.0
HK_2025_L117,1000,0.0
HK_2025_L117,1200,0.42857142857142855
HK_2025_L117,1400,0.0
HK_2025_L118,1000,0.0
HK_2025_L118,1200,0.0
HK_2025_L118,1400,0.0
HK_2025_L119,1000,0.0
HK_2025_L119,1200,0.0
HK_2025_L120,1000,0.0
HK_2025_L120,1200,0.0
HK_2025_L120,1400,0.0
HK_2025_L121,1000,0.0
HK_2025_L121,1200,0.14285714285714285
HK_2025_L121,1400,0.0
HK_2025_L122,1000,0.0
HK_2025_L122,1200,0.0
HK_2025_L122,1400,0.0
HK_2025_L124,1400,0.0
HK_2025_L124,1600,0.0
HK_2025_L124,1650,0.0
HK_2025_L124,1800,0.0
HK_2025_L125,1400,0.0
HK_2025_L125,1600,0.0
HK_2025_L126,1000,0.5
HK_2025_L126,1200,0.0
HK_2025_L126,1400,0.5
HK_2025_L128,1200,0.0
HK_2025_L128,1400,0.0
HK_2025_L129,1000,0.0
HK_2025_L129,1200,0.0
HK_2025_L129,1400,0.0
HK_2025_L129,1650,0.0
HK_2025_L132,1200,0.0
HK_2025_L132,1400,0.0
HK_2025_L133,1200,0.0
HK_2025_L133,1400,0.0
HK_2025_L134,1400,0.0
HK_2025_L134,1600,0.0
HK_2025_L134,1650,0.0
HK_2025_L135,1200,0.0
HK_2025_L135,1400,0.0
HK_2025_L135,1600,0.0
HK_2025_L136,1200,0.0
HK_2025_L136,1400,0.0
HK_2025_L137,1000,1.0
HK_2025_L138,1400,0.0
HK_2025_L138,1600,0.0
HK_2025_L138,1800,0.0
HK_2025_L141,1000,0.0
HK_2025_L141,1200,0.0
HK_2025_L142,1000,0.0
HK_2025_L142,1200,0.3333333333333333
HK_2025_L144,1000,0.0
HK_2025_L144,1200,0.0
HK_2025_L145,1200,0.0
HK_2025_L145,1400,0.0
HK_2025_L146,1000,0.0
HK_2025_L146,1200,0.0
HK_2025_L147,1200,0.0
HK_2025_L147,1600,0.0
HK_2025_L147,1650,0.0
HK_2025_L148,1400,0.4
HK_2025_L148,1600,0.0
HK_2025_L149,1600,0.0
HK_2025_L149,1650,0.2
HK_2025_L149,1800,0.0
HK_2025_L150,1000,0.0
HK_2025_L150,1200,0.0
HK_2025_L150,1400,0.0
HK_2025_L151,1400,0.0
HK_2025_L151,1600,0.0
HK_2025_L151,1650,1.0
HK_2025_L151,1800,0.0
HK_2025_L152,1200,0.14285714285714285
HK_2025_L153,1200,0.0
HK_2025_L153,1400,0.2
HK_2025_L153,1600,0.0
HK_2025_L155,1000,0.5
HK_2025_L155,1200,0.0
HK_2025_L155,1400,0.0
HK_2025_L156,1000,0.0
HK_2025_L156,1200,0.0
HK_2025_L157,1200,0.0
HK_2025_L157,1400,0.0
HK_2025_L158,1200,0.0
HK_2025_L158,1400,0.0
HK_2025_L159,1000,0.0
HK_2025_L159,1200,0.5
HK_2025_L161,1200,0.0
HK_2025_L161,1400,0.0
HK_2025_L162,1200,0.0
HK_2025_L162,1400,0.0
HK_2025_L163,1200,0.0
HK_2025_L163,1400,0.0
HK_2025_L163,1600,0.0
HK_2025_L165,1200,0.0
HK_2025_L165,1400,0.0
HK_2025_L165,1600,0.0
HK_2025_L166,1400,0.0
HK_2025_L166,1600,0.0
HK_2025_L166,1650,0.0
HK_2025_L167,1600,0.0
HK_2025_L167,1650,0.0
HK_2025_L168,1200,0.0
HK_2025_L168,1400,0.0
HK_2025_L168,1600,0.0
HK_2025_L168,1650,0.0
HK_2025_L169,1000,0.0
HK_2025_L169,1200,0.0
HK_2025_L170,1000,0.0
HK_2025_L170,1200,0.0
HK_2025_L171,1400,0.0
HK_2025_L171,1600,0.25
HK_2025_L171,1650,0.0
HK_2025_L172,1400,0.0
HK_2025_L172,1600,0.0
HK_2025_L172,1650,0.0
HK_2025_L172,1800,0.0
HK_2025_L173,1000,0.0
HK_2025_L173,1200,0.0
HK_2025_L174,1000,0.0
HK_2025_L174,1200,0.0
HK_2025_L175,1000,0.0
HK_2025_L175,1200,0.0
HK_2025_L176,1200,0.0
HK_2025_L176,1400,0.0
HK_2025_L177,1000,0.0
HK_2025_L177,1200,0.0
HK_2025_L178,1200,0.0
HK_2025_L178,1400,0.0
HK_2025_L179,1000,0.0
HK_2025_L179,1200,0.0
HK_2025_L179,1400,0.0
HK_2025_L180,1200,0.0
HK_2025_L181,1000,0.0
HK_2025_L181,1200,0.0
HK_2025_L182,1200,0.0
HK_2025_L182,1400,0.0
HK_2025_L183,1000,1.0
HK_2025_L184,1400,0.0
HK_2025_L184,1600,0.0
HK_2025_L184,1650,0.0
HK_2025_L184,1800,0.0
HK_2025_L185,1400,0.0
HK_2025_L185,1600,0.0
HK_2025_L185,1650,0.0
HK_2025_L186,1200,0.0
HK_2025_L186,1400,0.0
HK_2025_L186,1650,0.0
HK_2025_L186,1800,0.0
HK_2025_L187,1600,0.0
HK_2025_L187,1800,0.5
HK_2025_L187,2400,0.0
HK_2025_L188,1200,0.0
HK_2025_L188,1400,0.0
HK_2025_L188,1650,0.5
HK_2025_L189,1200,0.0
HK_2025_L189,1400,0.0
HK_2025_L189,1600,0.0
HK_2025_L189,1650,0.0
HK_2025_L189,1800,0.5
HK_2025_L190,1000,0.0
HK_2025_L190,1200,0.0
HK_2025_L192,1600,0.0
HK_2025_L193,1200,0.0
HK_2025_L193,1400,0.0
HK_2025_L193,1600,0.0
HK_2025_L194,1200,0.0
HK_2025_L195,1200,0.0
HK_2025_L196,1000,0.0
HK_2025_L196,1200,0.25
HK_2025_L197,1000,0.0
HK_2025_L197,1200,0.0
HK_2025_L198,1000,0.0
HK_2025_L199,1200,0.0
HK_2025_L199,1400,0.0
HK_2025_L200,1200,0.0
HK_2025_L201,1000,0.0
HK_2025_L201,1200,0.0
HK_2025_L202,1200,0.0
HK_2025_L202,1400,0.0
HK_2025_L202,1650,0.5
HK_2025_L204,1000,0.2
HK_2025_L205,1200,0.0
HK_2025_L207,1000,0.0
HK_2025_L207,1200,0.0
HK_2025_L207,1400,1.0
HK_2025_L208,1200,0.0
HK_2025_L209,1200,0.0
HK_2025_L209,1400,0.0
HK_2025_L210,1000,0.0
HK_2025_L210,1200,0.6666666666666666
HK_2025_L211,1200,0.0
HK_2025_L211,1400,0.0
HK_2025_L211,1600,0.0
HK_2025_L212,1000,0.0
HK_2025_L212,1200,0.0
HK_2025_L213,1200,0.0
HK_2025_L213,1400,0.0
HK_2025_L214,1000,0.0
HK_2025_L215,1400,0.0
HK_2025_L215,1600,0.0
HK_2025_L215,1650,0.0
HK_2025_L215,2000,0.0
HK_2025_L216,1200,0.0
HK_2025_L216,1400,0.5
HK_2025_L218,1000,0.0
HK_2025_L218,1200,0.0
HK_2025_L219,1200,0.0
HK_2025_L219,1400,0.0
HK_2025_L219,1600,0.3333333333333333
HK_2025_L220,1200,0.0
HK_2025_L220,1400,0.0
HK_2025_L221,1200,0.0
HK_2025_L222,1000,0.0
HK_2025_L222,1200,0.0
HK_2025_L223,1000,0.2
HK_2025_L223,1200,0.0
HK_2025_L225,1200,0.0
HK_2025_L225,1400,0.0
HK_2025_L226,1200,0.6666666666666666
HK_2025_L227,1400,0.0
HK_2025_L228,1000,0.0
HK_2025_L230,1200,0.3333333333333333
HK_2025_L230,1400,0.75
HK_2025_L231,1200,0.0
HK_2025_L232,1200,0.75
HK_2025_L233,1000,0.0
HK_2025_L233,1200,0.0
HK_2025_L234,1000,1.0
HK_2025_L234,1200,0.3333333333333333
HK_2025_L235,1000,0.0
HK_2025_L235,1200,0.0
HK_2025_L236,1000,0.0
HK_2025_L236,1200,0.0
HK_2025_L238,1400,0.0
HK_2025_L238,1600,0.0
HK_2025_L238,1650,0.0
HK_2025_L240,1200,0.0
HK_2025_L240,1400,0.0
HK_2025_L240,1650,0.2
HK_2025_L240,1800,0.0
HK_2025_L241,1400,0.0
HK_2025_L244,1000,1.0
HK_2025_L244,1200,0.0
HK_2025_L245,1000,0.0
HK_2025_L245,1200,0.5
HK_2025_L247,1200,0.0
HK_2025_L247,1400,0.0
HK_2025_L248,1200,0.0
HK_2025_L248,1650,0.0
HK_2025_L249,1000,0.0
HK_2025_L249,1200,0.0
HK_2025_L254,1000,0.0
HK_2025_L254,1200,0.0
HK_2025_L256,1400,0.0
HK_2025_L257,1200,0.0
HK_2025_L257,1400,0.0
HK_2025_L260,1000,0.0
HK_2025_L261,1400,0.0
HK_2025_L264,1200,0.5
HK_2025_L264,1400,0.0
HK_2025_L265,1200,0.25
HK_2025_L265,1400,0.0
HK_2025_L266,1200,0.0
HK_2025_L266,1400,0.0
HK_2025_L267,1200,0.0
HK_2025_L267,1400,0.0
HK_2025_L267,1650,0.0
HK_2025_L268,1200,0.0
HK_2025_L268,1400,0.0
HK_2025_L268,1600,0.0
HK_2025_L269,1200,0.0
HK_2025_L269,1400,0.0
HK_2025_L269,1600,0.0
HK_2025_L269,1800,0.0
HK_2025_L269,2000,0.0
HK_2025_L270,1200,0.0
HK_2025_L270,1400,0.0
HK_2025_L271,1200,0.0
HK_2025_L273,1200,0.0
HK_2025_L273,1400,0.0
HK_2025_L273,1650,0.0
HK_2025_L274,1200,0.0
HK_2025_L274,1400,0.0
HK_2025_L275,1000,0.0
HK_2025_L275,1200,0.0
HK_2025_L276,1200,1.0
HK_2025_L277,1000,0.0
HK_2025_L277,1200,0.0
HK_2025_L277,1400,0.0
HK_2025_L278,1200,0.0
HK_2025_L279,1000,0.0
HK_2025_L280,1200,0.0
HK_2025_L281,1200,0.3333333333333333
HK_2025_L282,1200,0.0
HK_2025_L282,1400,0.0
HK_2025_L283,1400,0.0
HK_2025_L284,1200,0.0
HK_2025_L286,1200,0.0
HK_2025_L287,1000,0.0
HK_2025_L287,1200,0.3333333333333333
HK_2025_L291,1000,0.0
HK_2025_L291,1200,0.0
HK_2025_L293,1200,0.0
HK_2025_L293,1400,0.3333333333333333
HK_2025_L294,1000,0.0
HK_2025_L294,1200,0.0
HK_2025_L294,1400,0.0
HK_2025_L295,1000,0.0
HK_2025_L295,1200,0.0
HK_2025_L296,1000,0.0
HK_2025_L296,1200,0.0
HK_2025_L297,1200,0.0
HK_2025_L298,1200,0.0
HK_2025_L299,1400,0.0
HK_2025_L300,1400,0.0
HK_2025_L301,1200,0.6666666666666666
HK_2025_L302,1200,0.0
HK_2025_L303,1200,0.0
HK_2025_L303,1400,0.0
HK_2025_L305,1000,0.0
HK_2025_L305,1200,0.0
HK_2025_L305,1400,0.0
HK_2025_L306,1200,0.0
HK_2025_L306,1400,0.0
HK_2025_L307,1200,0.0
HK_2025_L308,1000,0.0
HK_2025_L308,1200,0.0
HK_2025_L310,1200,0.3333333333333333
HK_2025_L311,1400,0.25
HK_2025_L312,1000,0.0
HK_2025_L312,1200,0.0
HK_2025_L313,1000,0.0
HK_2025_L313,1200,0.0
HK_2025_L314,1200,0.0
HK_2025_L314,1400,0.0
HK_2025_L315,1200,0.0
HK_2025_L315,1400,0.0
HK_2025_L316,1000,0.0
HK_2025_L316,1200,0.0
HK_2025_L316,1400,0.0
HK_2025_L317,1000,0.0
HK_2025_L317,1200,0.0
HK_2025_L319,1200,0.0
HK_2025_L320,1400,0.0
HK_2025_L322,1400,0.6666666666666666
HK_2025_L323,1200,0.0
HK_2025_L325,1000,0.0
HK_2025_L325,1200,0.0
HK_2025_L326,1200,0.0
HK_2025_L326,1400,0.0
HK_2025_L327,1200,0.0
HK_2025_L328,1000,0.0
HK_2025_L328,1200,0.0
HK_2025_L328,1400,0.0
HK_2025_L329,1400,0.0
HK_2025_L329,1600,0.0
HK_2025_L330,1000,0.0
HK_2025_L330,1200,0.0
HK_2025_L331,1200,0.0
HK_2025_L331,1400,0.0
HK_2025_L335,1000,0.0
HK_2025_L335,1200,0.0
HK_2025_L336,1200,0.0
HK_2025_L337,1000,0.0
HK_2025_L339,1600,0.0
HK_2025_L339,1800,0.0
HK_2025_L339,2000,1.0
HK_2025_L340,1000,0.0
HK_2025_L341,1200,0.0
HK_2025_L344,1000,0.0
HK_2025_L345,1000,0.0
HK_2025_L345,1200,0.0
HK_2025_L346,1000,0.0
HK_2025_L347,1200,0.0
HK_2025_L348,1000,0.0
HK_2025_L349,1000,0.0
HK_2025_L352,1400,0.0
HK_2025_L353,1000,0.0
HK_2025_L353,1200,0.0
HK_2025_L355,1000,0.0
HK_2025_L355,1200,0.0
HK_2025_L359,1200,0.0
HK_2025_L360,1200,0.0
HK_2025_L362,1000,0.0
HK_2025_L362,1200,0.0
HK_2025_L364,1000,0.0
HK_2025_L364,1200,0.0
HK_2025_L366,1000,0.0
HK_2025_L371,1000,0.0
HK_2025_L371,1200,0.0
HK_2025_L372,1200,0.0
HK_2025_L372,1400,0.0
HK_2025_L373,1200,0.0
HK_2025_L373,1400,0.0
HK_2025_L374,1200,0.0
HK_2025_L375,1000,0.0
HK_2025_L375,1200,0.0
HK_2025_L377,1200,0.0
HK_2025_L379,1200,0.0
HK_2025_L379,1400,0.0
HK_2025_L381,1200,0.0
HK_2025_L381,1400,0.0
HK_2025_L381,1650,0.0
HK_2025_L382,1400,0.0
HK_2025_L384,1200,0.0
HK_2025_L384,1400,0.0
HK_2025_L384,1650,0.0
HK_2025_L385,1000,0.0
HK_2025_L386,1200,0.0
HK_2025_L387,1200,0.0
HK_2025_L391,1000,0.0
HK_2025_L392,1000,0.0
HK_2025_L392,1200,0.0
HK_2025_L393,1000,0.0
HK_2025_L393,1200,0.0
HK_2025_L393,1400,0.0
HK_2025_L394,1200,0.0
HK_2025_L396,1400,0.0
HK_2025_L396,1600,0.0
HK_2025_L396,1800,0.0
HK_2025_L397,1200,0.0
HK_2025_L398,1400,0.0
HK_2025_L398,1600,0.0
HK_2025_L399,1200,0.0
HK_2025_L401,1200,0.0
HK_2025_L402,1400,0.0
HK_2025_L409,1200,0.0
HK_2025_L410,1400,0.0
HK_2025_L411,1000,0.0
HK_2025_L411,1200,1.0
HK_2025_L413,1200,0.0
HK_2025_L415,1200,0.0
HK_2025_L417,1200,0.0
HK_2025_L419,1000,0.0
HK_2025_L420,1200,0.0
HK_2025_L426,1200,0.0
HK_2025_L428,1000,0.0
HK_2025_L428,1200,0.0
HK_2025_L434,1200,0.0
HK_2025_L441,1000,1.0
HK_2025_L441,1200,0.0
HK_2025_L443,1200,0.0
HK_2025_L446,1000,0.0
HK_2025_L446,1200,0.0
HK_2025_L461,1000,0.0
HK_2025_L464,1200,0.0
HK_2025_L481,1200,0.0
