騎師,勝率
,0.0
nan,0.0
何澤堯,0.12
周俊樂,0.0946372239747634
奧爾民,0.08247422680412371
川田將雅,0.0
巫顯東,0.04938271604938271
巴度,0.08917197452229299
巴米高,0.08333333333333333
布宜學,0.12
布文,0.12
布浩榮,0.0743801652892562
希威森,0.06379310344827586
李寶利,0.0
李慕華,0.0
杜苑欣,0.08333333333333333
梁家俊,0.09683098591549295
楊明綸,0.0583804143126177
湯普新,0.045454545454545456
潘大衛,0.0
潘明輝,0.0664451827242525
潘頓,0.12
班德禮,0.10018552875695733
田泰安,0.08445532435740515
簡國能,0.0
紀仁安,0.08955223880597014
艾兆禮,0.1111111111111111
艾道拿,0.08453237410071943
苗傑美,0.0
莫艾誠,0.0
莫雅,0.12
莫雷拉,0.12
董明朗,0.041666666666666664
蔡明紹,0.0650994575045208
薛凱華,0.0
薛恩,0.07142857142857142
蘇銘倫,0.0
袁幸堯,0.12
貝知仁,0.0
賀銘年,0.053763440860215055
連達文,0.0
金美琪,0.0
金誠剛,0.057057057057057055
鍾易禮,0.062381852551984876
陳嘉熙,0.0
霍宏聲,0.10108303249097472
韋紀力,0.12
馬昆,0.1111111111111111
麥文堅,0.08490566037735849
麥當能,0.0
麥道朗,0.12
黃寶妮,0.058823529411764705
黃智弘,0.09523809523809523
