練馬師,勝率
,0.0
丁冠豪,0.08868501529051988
伍鵬志,0.08243243243243244
呂健威,0.12
告東尼,0.09123222748815166
大衛希斯,0.0960591133004926
姚本輝,0.11073825503355705
容天鵬,0.07262569832402235
巫偉傑,0.10428571428571429
廖康銘,0.11993769470404984
徐雨石,0.07363420427553444
文家良,0.12
方嘉柏,0.12
桂福特,0.09057971014492754
沈集成,0.10745233968804159
游達榮,0.11091549295774648
甘敏斯,0.0
羅富全,0.09064327485380116
葉楚航,0.07072691552062868
蔡約翰,0.12
蘇偉賢,0.09818181818181818
賀賢,0.08951965065502183
鄭俊偉,0.06378132118451026
韋達,0.06643356643356643
黎昭昇,0.07976653696498054
